rider,stage,position,gap,stage_time
EWAN Caleb,21,1,0,11048
GROENEWEGEN Dylan,21,2,0,11048
BONIFAZIO Niccolò,21,3,0,11048
RICHEZE Maximiliano,21,4,0,11048
BOASSON HAGEN Edvald,21,5,0,11048
GREIPEL André,21,6,0,11048
TRENTIN Matteo,21,7,0,11048
STUYVEN Jasper,21,8,0,11048
ARNDT Nikias,21,9,0,11048
SAGAN Peter,21,10,0,11048
COLBRELLI Sonny,21,11,0,11048
HALLER Marco,21,12,0,11048
PASQUALON Andrea,21,13,0,11048
SIMON Julien,21,14,0,11048
HOULE Hugo,21,15,0,11048
DEBUSSCHERE Jens,21,16,0,11048
VALVERDE Alejandro,21,17,0,11048
VIVIANI Elia,21,18,0,11048
BONNET William,21,19,0,11048
BYSTRØM Sven Erik,21,20,0,11048
GARCÍA CORTINA Iván,21,21,0,11048
MARTIN Guillaume,21,22,0,11048
SKUJIŅŠ Toms,21,23,0,11048
BACKAERT Frederik,21,24,0,11048
KÜNG Stefan,21,25,0,11048
PÉRICHON Pierre-Luc,21,26,0,11048
TEUNISSEN Mike,21,27,0,11048
MATTHEWS Michael,21,28,0,11048
BERNAL Egan,21,29,0,11048
THOMAS Geraint,21,30,0,11048
CASTROVIEJO Jonathan,21,31,0,11048
DE KORT Koen,21,32,0,11048
MØRKØV Michael,21,33,0,11048
MEURISSE Xandro,21,34,0,11048
LANGEVELD Sebastian,21,35,0,11048
KRUIJSWIJK Steven,21,36,0,11048
IZAGIRRE Gorka,21,37,0,11048
QUINTANA Nairo,21,38,0,11048
CLARKE Simon,21,39,0,11048
URÁN Rigoberto,21,40,0,11048
BARGUIL Warren,21,41,0,11048
GRELLIER Fabien,21,42,0,11048
KING Ben,21,43,0,11048
DE PLUS Laurens,21,44,0,11048
ROUX Anthony,21,45,0,11048
MÜHLBERGER Gregor,21,46,0,11048
BUCHMANN Emanuel,21,47,0,11048
JANSE VAN RENSBURG Reinardt,21,48,0,11048
JANSEN Amund Grøndahl,21,49,0,11048
LANDA Mikel,21,50,0,11048
ERVITI Imanol,21,51,0,11048
BERNARD Julien,21,52,0,11048
LAMPAERT Yves,21,53,0,11048
CHEREL Mikaël,21,54,19,11067
KREUZIGER Roman,21,55,20,11068
KLUGE Roger,21,56,20,11068
POELS Wout,21,57,20,11068
BETTIOL Alberto,21,58,20,11068
SCHÄR Michael,21,59,20,11068
MOLARD Rudy,21,60,20,11068
VACHON Florian,21,61,20,11068
LUTSENKO Alexey,21,62,20,11068
DE BUYST Jasper,21,63,20,11068
DE GENDT Aimé,21,64,20,11068
DELAPLACE Anthony,21,65,20,11068
WOODS Michael,21,66,20,11068
ALAPHILIPPE Julian,21,67,20,11068
KANGERT Tanel,21,68,20,11068
HENAO Sergio,21,69,28,11076
CICCONE Giulio,21,70,29,11077
TURGIS Anthony,21,71,29,11077
CALMEJANE Lilian,21,72,29,11077
GESBERT Élie,21,73,29,11077
BERHANE Natnael,21,74,29,11077
DE GENDT Thomas,21,75,29,11077
TEUNS Dylan,21,76,29,11077
EIKING Odd Christian,21,77,29,11077
VAN MELSEN Kévin,21,78,29,11077
LAENGEN Vegard Stake,21,79,29,11077
WIŚNIOWSKI Łukasz,21,80,29,11077
ROSSKOPF Joey,21,81,29,11077
GAUDU David,21,82,29,11077
BENOOT Tiesj,21,83,29,11077
BARDET Romain,21,84,29,11077
VUILLERMOZ Alexis,21,85,29,11077
ARU Fabio,21,86,29,11077
MOSCON Gianni,21,87,37,11085
VAN BAARLE Dylan,21,88,37,11085
BAK Lars Ytting,21,89,37,11085
PORTE Richie,21,90,37,11085
NIBALI Vincenzo,21,91,41,11089
MOHORIČ Matej,21,92,41,11089
OLIVEIRA Nelson,21,93,41,11089
YATES Adam,21,94,41,11089
BILBAO Pello,21,95,41,11089
HERRADA Jesús,21,96,41,11089
MAS Enric,21,97,45,11093
VAN AVERMAET Greg,21,98,45,11093
HAIG Jack,21,99,45,11093
COSTA Rui,21,100,45,11093
LEDANOIS Kévin,21,101,45,11093
BOUET Maxime,21,102,45,11093
OSS Daniel,21,103,45,11093
CARUSO Damiano,21,104,45,11093
LADAGNOUS Matthieu,21,105,48,11096
REICHENBACH Sébastien,21,106,48,11096
FELLINE Fabio,21,107,48,11096
ASGREEN Kasper,21,108,48,11096
MARTIN Dan,21,109,51,11099
VALGREN Michael,21,110,51,11099
KRISTOFF Alexander,21,111,51,11099
GESCHKE Simon,21,112,51,11099
PAUWELS Serge,21,113,51,11099
MONFORT Maxime,21,114,51,11099
SICARD Romain,21,115,51,11099
OURSELIN Paul,21,116,51,11099
PEREZ Anthony,21,117,51,11099
ROSSETTO Stéphane,21,118,51,11099
DOWSETT Alex,21,119,51,11099
POLITT Nils,21,120,51,11099
YATES Simon,21,121,51,11099
MOINARD Amaël,21,122,58,11106
HAGA Chad,21,123,63,11111
GONÇALVES José,21,124,64,11112
IMPEY Daryl,21,125,66,11114
FRAILE Omar,21,126,78,11126
AMADOR Andrey,21,127,80,11128
KÄMNA Lennard,21,128,84,11132
BURGHARDT Marcus,21,129,84,11132
ZAKARIN Ilnur,21,130,84,11132
TAARAMÄE Rein,21,131,84,11132
FRANK Mathias,21,132,96,11144
GOUGEARD Alexis,21,133,96,11144
COSNEFROY Benoît,21,134,96,11144
VERONA Carlos,21,135,102,11150
SOLER Marc,21,136,102,11150
ROCHE Nicolas,21,137,102,11150
CUMMINGS Steve,21,138,102,11150
CORT Magnus,21,139,102,11150
MOLLEMA Bauke,21,140,102,11150
HEPBURN Michael,21,141,106,11154
DURBRIDGE Luke,21,142,106,11154
JUUL-JENSEN Christopher,21,143,106,11154
WELLENS Tim,21,144,108,11156
DEVENYNS Dries,21,145,112,11160
OFFREDO Yoann,21,146,113,11161
KONRAD Patrick,21,147,113,11161
KEUKELEIRE Jens,21,148,138,11186
GALLOPIN Tony,21,149,141,11189
KWIATKOWSKI Michał,21,150,150,11198
BENNETT George,21,151,150,11198
SCULLY Tom,21,152,150,11198
NAESEN Oliver,21,153,0,11048
TRATNIK Jan,21,154,180,11228
WÜRTZ SCHMIDT Mads,21,155,213,11261
NIBALI Vincenzo,20,1,0,6713
VALVERDE Alejandro,20,2,10,6723
LANDA Mikel,20,3,14,6727
BERNAL Egan,20,4,17,6730
THOMAS Geraint,20,5,17,6730
URÁN Rigoberto,20,6,23,6736
BUCHMANN Emanuel,20,7,23,6736
KRUIJSWIJK Steven,20,8,25,6738
POELS Wout,20,9,30,6743
QUINTANA Nairo,20,10,30,6743
BARGUIL Warren,20,11,46,6759
MÜHLBERGER Gregor,20,12,69,6782
KÄMNA Lennard,20,13,90,6803
SOLER Marc,20,14,93,6806
YATES Adam,20,15,109,6822
YATES Simon,20,16,112,6825
ZAKARIN Ilnur,20,17,116,6829
GESBERT Élie,20,18,127,6840
MARTIN Dan,20,19,130,6843
IMPEY Daryl,20,20,130,6843
FRAILE Omar,20,21,146,6859
GAUDU David,20,22,181,6894
HERRADA Jesús,20,23,181,6894
REICHENBACH Sébastien,20,24,193,6906
TEUNS Dylan,20,25,193,6906
ALAPHILIPPE Julian,20,26,197,6910
BARDET Romain,20,27,225,6938
AMADOR Andrey,20,28,225,6938
CORT Magnus,20,29,225,6938
GALLOPIN Tony,20,30,225,6938
ARU Fabio,20,31,250,6963
VERONA Carlos,20,32,265,6978
DE PLUS Laurens,20,33,299,7012
MAS Enric,20,34,299,7012
ROSSKOPF Joey,20,35,306,7019
WOODS Michael,20,36,306,7019
SICARD Romain,20,37,320,7033
PORTE Richie,20,38,354,7067
MARTIN Guillaume,20,39,367,7080
KANGERT Tanel,20,40,367,7080
COSTA Rui,20,41,422,7135
MOLLEMA Bauke,20,42,422,7135
CICCONE Giulio,20,43,422,7135
BERNARD Julien,20,44,424,7137
TAARAMÄE Rein,20,45,434,7147
PÉRICHON Pierre-Luc,20,46,444,7157
BACKAERT Frederik,20,47,505,7218
DURBRIDGE Luke,20,48,507,7220
LUTSENKO Alexey,20,49,512,7225
MONFORT Maxime,20,50,512,7225
BILBAO Pello,20,51,512,7225
IZAGIRRE Gorka,20,52,530,7243
DE GENDT Thomas,20,53,530,7243
VUILLERMOZ Alexis,20,54,533,7246
MOLARD Rudy,20,55,535,7248
ERVITI Imanol,20,56,535,7248
HAIG Jack,20,57,535,7248
CHEREL Mikaël,20,58,535,7248
HOULE Hugo,20,59,535,7248
LAENGEN Vegard Stake,20,60,535,7248
KING Ben,20,61,596,7309
KREUZIGER Roman,20,62,596,7309
CUMMINGS Steve,20,63,596,7309
GOUGEARD Alexis,20,64,596,7309
VALGREN Michael,20,65,610,7323
BOUET Maxime,20,66,610,7323
MEURISSE Xandro,20,67,620,7333
BERHANE Natnael,20,68,626,7339
SCHÄR Michael,20,69,645,7358
EIKING Odd Christian,20,70,670,7383
POLITT Nils,20,71,670,7383
FRANK Mathias,20,72,670,7383
KÜNG Stefan,20,73,674,7387
VAN MELSEN Kévin,20,74,674,7387
KEUKELEIRE Jens,20,75,674,7387
KONRAD Patrick,20,76,682,7395
VAN BAARLE Dylan,20,77,682,7395
CASTROVIEJO Jonathan,20,78,682,7395
OLIVEIRA Nelson,20,79,682,7395
LEDANOIS Kévin,20,80,733,7446
DELAPLACE Anthony,20,81,733,7446
CALMEJANE Lilian,20,82,738,7451
OURSELIN Paul,20,83,738,7451
PEREZ Anthony,20,84,766,7479
BENOOT Tiesj,20,85,816,7529
SIMON Julien,20,86,818,7531
MOINARD Amaël,20,87,870,7583
COLBRELLI Sonny,20,88,916,7629
CARUSO Damiano,20,89,916,7629
GONÇALVES José,20,90,916,7629
HENAO Sergio,20,91,916,7629
COSNEFROY Benoît,20,92,916,7629
BETTIOL Alberto,20,93,936,7649
ROUX Anthony,20,94,941,7654
GRELLIER Fabien,20,95,949,7662
TRATNIK Jan,20,96,952,7665
SAGAN Peter,20,97,952,7665
MATTHEWS Michael,20,98,974,7687
ROCHE Nicolas,20,99,974,7687
VAN AVERMAET Greg,20,100,974,7687
STUYVEN Jasper,20,101,974,7687
NAESEN Oliver,20,102,974,7687
CLARKE Simon,20,103,974,7687
BAK Lars Ytting,20,104,974,7687
OFFREDO Yoann,20,105,974,7687
PAUWELS Serge,20,106,974,7687
ROSSETTO Stéphane,20,107,974,7687
JUUL-JENSEN Christopher,20,108,994,7707
GESCHKE Simon,20,109,1010,7723
WÜRTZ SCHMIDT Mads,20,110,1024,7737
VIVIANI Elia,20,111,1049,7762
BURGHARDT Marcus,20,112,1052,7765
BONIFAZIO Niccolò,20,113,1065,7778
BOASSON HAGEN Edvald,20,114,1074,7787
JANSE VAN RENSBURG Reinardt,20,115,1074,7787
BENNETT George,20,116,1080,7793
HEPBURN Michael,20,117,1080,7793
HALLER Marco,20,118,1080,7793
SCULLY Tom,20,119,1080,7793
LADAGNOUS Matthieu,20,120,1080,7793
DE KORT Koen,20,121,1080,7793
WELLENS Tim,20,122,1080,7793
DE GENDT Aimé,20,123,1080,7793
DEVENYNS Dries,20,124,1080,7793
DE BUYST Jasper,20,125,1080,7793
HAGA Chad,20,126,1080,7793
SKUJIŅŠ Toms,20,127,1080,7793
VACHON Florian,20,128,1080,7793
BONNET William,20,129,1080,7793
FELLINE Fabio,20,130,1080,7793
OSS Daniel,20,131,1085,7798
EWAN Caleb,20,132,1118,7831
TURGIS Anthony,20,133,1142,7855
GREIPEL André,20,134,1220,7933
ARNDT Nikias,20,135,1220,7933
WIŚNIOWSKI Łukasz,20,136,1250,7963
KWIATKOWSKI Michał,20,137,1250,7963
TRENTIN Matteo,20,138,1250,7963
PASQUALON Andrea,20,139,1250,7963
MOSCON Gianni,20,140,1250,7963
GARCÍA CORTINA Iván,20,141,1250,7963
MOHORIČ Matej,20,142,1250,7963
DEBUSSCHERE Jens,20,143,1250,7963
DOWSETT Alex,20,144,1250,7963
ASGREEN Kasper,20,145,1250,7963
LANGEVELD Sebastian,20,146,1250,7963
LAMPAERT Yves,20,147,1250,7963
BYSTRØM Sven Erik,20,148,1250,7963
TEUNISSEN Mike,20,149,1250,7963
KRISTOFF Alexander,20,150,1250,7963
MØRKØV Michael,20,151,1250,7963
GROENEWEGEN Dylan,20,152,1256,7969
JANSEN Amund Grøndahl,20,153,1256,7969
RICHEZE Maximiliano,20,154,1361,8074
KLUGE Roger,20,155,1387,8100
QUINTANA Nairo,18,1,0,20055
BARDET Romain,18,2,95,20150
LUTSENKO Alexey,18,3,148,20203
KÄMNA Lennard,18,4,178,20233
CARUSO Damiano,18,5,180,20235
BENOOT Tiesj,18,6,286,20341
WOODS Michael,18,7,286,20341
BERNAL Egan,18,8,286,20341
PAUWELS Serge,18,9,286,20341
KRUIJSWIJK Steven,18,10,318,20373
BUCHMANN Emanuel,18,11,318,20373
PINOT Thibaut,18,12,318,20373
THOMAS Geraint,18,13,318,20373
ALAPHILIPPE Julian,18,14,318,20373
URÁN Rigoberto,18,15,318,20373
LANDA Mikel,18,16,318,20373
PORTE Richie,18,17,318,20373
BARGUIL Warren,18,18,343,20398
VALVERDE Alejandro,18,19,376,20431
MARTIN Guillaume,18,20,407,20462
ARU Fabio,18,21,444,20499
GAUDU David,18,22,502,20557
REICHENBACH Sébastien,18,23,533,20588
KREUZIGER Roman,18,24,612,20667
CHEREL Mikaël,18,25,623,20678
MAS Enric,18,26,657,20712
BENNETT George,18,27,658,20713
BERNARD Julien,18,28,747,20802
DE PLUS Laurens,18,29,747,20802
GESCHKE Simon,18,30,791,20846
YATES Adam,18,31,791,20846
VAN AVERMAET Greg,18,32,801,20856
KANGERT Tanel,18,33,801,20856
ROSSETTO Stéphane,18,34,821,20876
VAN BAARLE Dylan,18,35,835,20890
SOLER Marc,18,36,841,20896
MÜHLBERGER Gregor,18,37,917,20972
POELS Wout,18,38,992,21047
MEURISSE Xandro,18,39,1013,21068
MOLARD Rudy,18,40,1165,21220
TEUNISSEN Mike,18,41,1236,21291
CASTROVIEJO Jonathan,18,42,1247,21302
OURSELIN Paul,18,43,1247,21302
POLITT Nils,18,44,1284,21339
WELLENS Tim,18,45,1345,21400
FRANK Mathias,18,46,1345,21400
FELLINE Fabio,18,47,1360,21415
BETTIOL Alberto,18,48,1360,21415
CICCONE Giulio,18,49,1360,21415
KING Ben,18,50,1360,21415
NIBALI Vincenzo,18,51,1360,21415
SCHÄR Michael,18,52,1360,21415
VUILLERMOZ Alexis,18,53,1360,21415
NAESEN Oliver,18,54,1360,21415
VALGREN Michael,18,55,1360,21415
KONRAD Patrick,18,56,1360,21415
ROSSKOPF Joey,18,57,1360,21415
ZAKARIN Ilnur,18,58,1360,21415
PEREZ Anthony,18,59,1360,21415
COSNEFROY Benoît,18,60,1388,21443
HERRADA Jesús,18,61,1434,21489
BOUET Maxime,18,62,1536,21591
HAGA Chad,18,63,1546,21601
VERONA Carlos,18,64,1546,21601
AMADOR Andrey,18,65,1546,21601
IZAGIRRE Gorka,18,66,1546,21601
LADAGNOUS Matthieu,18,67,1546,21601
HENAO Sergio,18,68,1546,21601
JANSEN Amund Grøndahl,18,69,1552,21607
MARTIN Dan,18,70,1682,21737
BACKAERT Frederik,18,71,1686,21741
RICHEZE Maximiliano,18,72,1687,21742
GALLOPIN Tony,18,73,1687,21742
HAIG Jack,18,74,1687,21742
MOINARD Amaël,18,75,1687,21742
HOULE Hugo,18,76,1687,21742
CALMEJANE Lilian,18,77,1744,21799
MOLLEMA Bauke,18,78,1763,21818
PÉRICHON Pierre-Luc,18,79,1765,21820
DELAPLACE Anthony,18,80,1765,21820
JUUL-JENSEN Christopher,18,81,1772,21827
CORT Magnus,18,82,1782,21837
DE GENDT Thomas,18,83,1789,21844
DE BUYST Jasper,18,84,1789,21844
COSTA Rui,18,85,1789,21844
DE KORT Koen,18,86,1799,21854
MOSCON Gianni,18,87,1799,21854
OSS Daniel,18,88,1799,21854
KWIATKOWSKI Michał,18,89,1799,21854
CLARKE Simon,18,90,1799,21854
TEUNS Dylan,18,91,1799,21854
BERHANE Natnael,18,92,1799,21854
OLIVEIRA Nelson,18,93,1799,21854
ERVITI Imanol,18,94,1799,21854
IMPEY Daryl,18,95,1799,21854
GESBERT Élie,18,96,1799,21854
YATES Simon,18,97,1799,21854
TRATNIK Jan,18,98,1799,21854
ROUX Anthony,18,99,1799,21854
SICARD Romain,18,100,1799,21854
LEDANOIS Kévin,18,101,1799,21854
DE GENDT Aimé,18,102,1799,21854
ARNDT Nikias,18,103,1799,21854
MATTHEWS Michael,18,104,1799,21854
ROCHE Nicolas,18,105,1799,21854
SKUJIŅŠ Toms,18,106,1799,21854
STUYVEN Jasper,18,107,1799,21854
BILBAO Pello,18,108,1799,21854
OFFREDO Yoann,18,109,1974,22029
KEUKELEIRE Jens,18,110,1974,22029
VAN MELSEN Kévin,18,111,1974,22029
HALLER Marco,18,112,1974,22029
KÜNG Stefan,18,113,1974,22029
DOWSETT Alex,18,114,1974,22029
EIKING Odd Christian,18,115,1974,22029
COLBRELLI Sonny,18,116,1974,22029
DEBUSSCHERE Jens,18,117,1974,22029
SCULLY Tom,18,118,1974,22029
KRISTOFF Alexander,18,119,1974,22029
MOHORIČ Matej,18,120,1974,22029
GREIPEL André,18,121,1974,22029
BONIFAZIO Niccolò,18,122,1974,22029
HEPBURN Michael,18,123,1974,22029
BONNET William,18,124,1974,22029
MONFORT Maxime,18,125,1974,22029
VACHON Florian,18,126,1974,22029
WIŚNIOWSKI Łukasz,18,127,1974,22029
PASQUALON Andrea,18,128,1974,22029
GONÇALVES José,18,129,1974,22029
SIMON Julien,18,130,1974,22029
ASGREEN Kasper,18,131,1974,22029
BOASSON HAGEN Edvald,18,132,1974,22029
JANSE VAN RENSBURG Reinardt,18,133,1974,22029
LAENGEN Vegard Stake,18,134,1974,22029
DURBRIDGE Luke,18,135,1974,22029
BYSTRØM Sven Erik,18,136,1974,22029
GOUGEARD Alexis,18,137,1974,22029
CUMMINGS Steve,18,138,2010,22065
LAMPAERT Yves,18,139,2021,22076
DEVENYNS Dries,18,140,2021,22076
GROENEWEGEN Dylan,18,141,2021,22076
GRELLIER Fabien,18,142,2021,22076
FRAILE Omar,18,143,2021,22076
WÜRTZ SCHMIDT Mads,18,144,2026,22081
GARCÍA CORTINA Iván,18,145,2086,22141
KLUGE Roger,18,146,2086,22141
TURGIS Anthony,18,147,2086,22141
EWAN Caleb,18,148,2086,22141
TAARAMÄE Rein,18,149,2091,22146
TRENTIN Matteo,18,150,2124,22179
BAK Lars Ytting,18,151,2147,22202
BURGHARDT Marcus,18,152,2196,22251
VIVIANI Elia,18,153,2196,22251
SAGAN Peter,18,154,2196,22251
LANGEVELD Sebastian,18,155,2196,22251
MØRKØV Michael,18,156,2522,22577
TRENTIN Matteo,17,1,0,15696
ASGREEN Kasper,17,2,37,15733
VAN AVERMAET Greg,17,3,41,15737
MOLLEMA Bauke,17,4,41,15737
TEUNS Dylan,17,5,41,15737
IZAGIRRE Gorka,17,6,41,15737
OSS Daniel,17,7,44,15740
PÉRICHON Pierre-Luc,17,8,50,15746
SKUJIŅŠ Toms,17,9,50,15746
HERRADA Jesús,17,10,55,15751
CLARKE Simon,17,11,83,15779
PÖSTLBERGER Lukas,17,12,83,15779
BOASSON HAGEN Edvald,17,13,86,15782
LAENGEN Vegard Stake,17,14,86,15782
HENAO Sergio,17,15,95,15791
ROCHE Nicolas,17,16,104,15800
KING Ben,17,17,173,15869
STUYVEN Jasper,17,18,173,15869
BYSTRØM Sven Erik,17,19,173,15869
MEURISSE Xandro,17,20,173,15869
SCHÄR Michael,17,21,173,15869
PEREZ Anthony,17,22,173,15869
POLITT Nils,17,23,180,15876
OLIVEIRA Nelson,17,24,182,15878
PASQUALON Andrea,17,25,235,15931
BERHANE Natnael,17,26,235,15931
DE GENDT Thomas,17,27,349,16045
COSTA Rui,17,28,349,16045
GOUGEARD Alexis,17,29,419,16115
JUUL-JENSEN Christopher,17,30,484,16180
FRAILE Omar,17,31,484,16180
KEUKELEIRE Jens,17,32,484,16180
SCULLY Tom,17,33,563,16259
ALAPHILIPPE Julian,17,34,1210,16906
DEVENYNS Dries,17,35,1210,16906
MAS Enric,17,36,1210,16906
KWIATKOWSKI Michał,17,37,1210,16906
THOMAS Geraint,17,38,1210,16906
BERNAL Egan,17,39,1210,16906
CASTROVIEJO Jonathan,17,40,1210,16906
VAN BAARLE Dylan,17,41,1210,16906
MOSCON Gianni,17,42,1210,16906
VALVERDE Alejandro,17,43,1210,16906
BERNARD Julien,17,44,1210,16906
KÜNG Stefan,17,45,1210,16906
MÜHLBERGER Gregor,17,46,1210,16906
VUILLERMOZ Alexis,17,47,1210,16906
PORTE Richie,17,48,1210,16906
PINOT Thibaut,17,49,1210,16906
MOLARD Rudy,17,50,1210,16906
KRUIJSWIJK Steven,17,51,1210,16906
BACKAERT Frederik,17,52,1210,16906
DE PLUS Laurens,17,53,1210,16906
CICCONE Giulio,17,54,1210,16906
BUCHMANN Emanuel,17,55,1210,16906
GAUDU David,17,56,1210,16906
QUINTANA Nairo,17,57,1210,16906
KREUZIGER Roman,17,58,1210,16906
KONRAD Patrick,17,59,1210,16906
BARGUIL Warren,17,60,1210,16906
MARTIN Dan,17,61,1210,16906
VACHON Florian,17,62,1210,16906
CHEREL Mikaël,17,63,1210,16906
JANSE VAN RENSBURG Reinardt,17,64,1210,16906
GARCÍA CORTINA Iván,17,65,1210,16906
CARUSO Damiano,17,66,1210,16906
KANGERT Tanel,17,67,1210,16906
LANDA Mikel,17,68,1210,16906
BOUET Maxime,17,69,1210,16906
GESBERT Élie,17,70,1210,16906
VERONA Carlos,17,71,1210,16906
EIKING Odd Christian,17,72,1210,16906
BETTIOL Alberto,17,73,1210,16906
URÁN Rigoberto,17,74,1210,16906
MARTIN Guillaume,17,75,1210,16906
WOODS Michael,17,76,1210,16906
TAARAMÄE Rein,17,77,1210,16906
GALLOPIN Tony,17,78,1210,16906
ARU Fabio,17,79,1210,16906
NIBALI Vincenzo,17,80,1210,16906
MOINARD Amaël,17,81,1210,16906
OURSELIN Paul,17,82,1210,16906
ROSSKOPF Joey,17,83,1210,16906
NAESEN Oliver,17,84,1210,16906
TEUNISSEN Mike,17,85,1210,16906
ZAKARIN Ilnur,17,86,1210,16906
POELS Wout,17,87,1210,16906
PAUWELS Serge,17,88,1210,16906
FRANK Mathias,17,89,1210,16906
COSNEFROY Benoît,17,90,1210,16906
REICHENBACH Sébastien,17,91,1210,16906
LUTSENKO Alexey,17,92,1210,16906
BARDET Romain,17,93,1210,16906
VALGREN Michael,17,94,1210,16906
ROUX Anthony,17,95,1210,16906
BENNETT George,17,96,1210,16906
CUMMINGS Steve,17,97,1210,16906
LEDANOIS Kévin,17,98,1389,17085
SIMON Julien,17,99,1442,17138
GROENEWEGEN Dylan,17,100,1442,17138
WÜRTZ SCHMIDT Mads,17,101,1470,17166
BAK Lars Ytting,17,102,1478,17174
COLBRELLI Sonny,17,103,1478,17174
WIŚNIOWSKI Łukasz,17,104,1513,17209
DOWSETT Alex,17,105,1555,17251
MOHORIČ Matej,17,106,1555,17251
HEPBURN Michael,17,107,1555,17251
CORT Magnus,17,108,1555,17251
VAN MELSEN Kévin,17,109,1555,17251
IMPEY Daryl,17,110,1555,17251
GONÇALVES José,17,111,1555,17251
DE KORT Koen,17,112,1555,17251
DELAPLACE Anthony,17,113,1555,17251
HAIG Jack,17,114,1555,17251
ERVITI Imanol,17,115,1555,17251
JANSEN Amund Grøndahl,17,116,1555,17251
DURBRIDGE Luke,17,117,1555,17251
VIVIANI Elia,17,118,1555,17251
HOULE Hugo,17,119,1555,17251
BILBAO Pello,17,120,1555,17251
FELLINE Fabio,17,121,1555,17251
DE GENDT Aimé,17,122,1555,17251
SOLER Marc,17,123,1555,17251
AMADOR Andrey,17,124,1555,17251
ROSSETTO Stéphane,17,125,1555,17251
LANGEVELD Sebastian,17,126,1555,17251
GESCHKE Simon,17,127,1555,17251
BURGHARDT Marcus,17,128,1587,17283
SAGAN Peter,17,129,1587,17283
DE BUYST Jasper,17,130,1594,17290
HALLER Marco,17,131,1594,17290
CALMEJANE Lilian,17,132,1594,17290
TRATNIK Jan,17,133,1594,17290
BENOOT Tiesj,17,134,1594,17290
HAGA Chad,17,135,1594,17290
TURGIS Anthony,17,136,1594,17290
LADAGNOUS Matthieu,17,137,1594,17290
YATES Adam,17,138,1594,17290
SICARD Romain,17,139,1594,17290
GRELLIER Fabien,17,140,1594,17290
OFFREDO Yoann,17,141,1594,17290
BONNET William,17,142,1594,17290
YATES Simon,17,143,1594,17290
ARNDT Nikias,17,144,1594,17290
KRISTOFF Alexander,17,145,1594,17290
GREIPEL André,17,146,1594,17290
KÄMNA Lennard,17,147,1594,17290
MATTHEWS Michael,17,148,1594,17290
WELLENS Tim,17,149,1594,17290
KRAGH ANDERSEN Søren,17,150,1594,17290
DEBUSSCHERE Jens,17,151,1594,17290
KLUGE Roger,17,152,1665,17361
MONFORT Maxime,17,153,1665,17361
EWAN Caleb,17,154,1665,17361
LAMPAERT Yves,17,155,1805,17501
MØRKØV Michael,17,156,1805,17501
RICHEZE Maximiliano,17,157,1805,17501
BONIFAZIO Niccolò,17,158,1805,17501
EWAN Caleb,16,1,0,14228
VIVIANI Elia,16,2,0,14228
GROENEWEGEN Dylan,16,3,0,14228
SAGAN Peter,16,4,0,14228
BONIFAZIO Niccolò,16,5,0,14228
MATTHEWS Michael,16,6,0,14228
TRENTIN Matteo,16,7,0,14228
STUYVEN Jasper,16,8,0,14228
KRISTOFF Alexander,16,9,0,14228
PASQUALON Andrea,16,10,0,14228
DEBUSSCHERE Jens,16,11,0,14228
BOASSON HAGEN Edvald,16,12,0,14228
COLBRELLI Sonny,16,13,0,14228
RICHEZE Maximiliano,16,14,0,14228
GREIPEL André,16,15,0,14228
JANSE VAN RENSBURG Reinardt,16,16,0,14228
NAESEN Oliver,16,17,0,14228
BARGUIL Warren,16,18,0,14228
VAN AVERMAET Greg,16,19,0,14228
ALAPHILIPPE Julian,16,20,0,14228
GARCÍA CORTINA Iván,16,21,0,14228
MARTIN Guillaume,16,22,0,14228
ERVITI Imanol,16,23,0,14228
LANDA Mikel,16,24,0,14228
THOMAS Geraint,16,25,0,14228
MØRKØV Michael,16,26,0,14228
KRUIJSWIJK Steven,16,27,0,14228
BERNAL Egan,16,28,0,14228
PINOT Thibaut,16,29,0,14228
BUCHMANN Emanuel,16,30,0,14228
MEURISSE Xandro,16,31,0,14228
VALVERDE Alejandro,16,32,0,14228
BETTIOL Alberto,16,33,0,14228
PÉRICHON Pierre-Luc,16,34,0,14228
URÁN Rigoberto,16,35,0,14228
CLARKE Simon,16,36,0,14228
MARTIN Dan,16,37,0,14228
PORTE Richie,16,38,0,14228
ARU Fabio,16,39,0,14228
CALMEJANE Lilian,16,40,0,14228
HENAO Sergio,16,41,0,14228
MOLARD Rudy,16,42,0,14228
SIMON Julien,16,43,0,14228
FELLINE Fabio,16,44,0,14228
MOSCON Gianni,16,45,0,14228
DE BUYST Jasper,16,46,0,14228
BYSTRØM Sven Erik,16,47,0,14228
POLITT Nils,16,48,0,14228
CHEREL Mikaël,16,49,19,14247
BARDET Romain,16,50,21,14249
BERNARD Julien,16,51,21,14249
IZAGIRRE Gorka,16,52,21,14249
KANGERT Tanel,16,53,21,14249
ARNDT Nikias,16,54,24,14252
TEUNISSEN Mike,16,55,27,14255
KLUGE Roger,16,56,27,14255
MOHORIČ Matej,16,57,37,14265
ROWE Luke,16,58,37,14265
OLIVEIRA Nelson,16,59,38,14266
ROSSKOPF Joey,16,60,38,14266
VACHON Florian,16,61,38,14266
LAMPAERT Yves,16,62,50,14278
BACKAERT Frederik,16,63,52,14280
MÜHLBERGER Gregor,16,64,54,14282
BOUET Maxime,16,65,54,14282
OFFREDO Yoann,16,66,56,14284
JANSEN Amund Grøndahl,16,67,60,14288
LEDANOIS Kévin,16,68,60,14288
KREUZIGER Roman,16,69,62,14290
EIKING Odd Christian,16,70,62,14290
QUINTANA Nairo,16,71,62,14290
DE KORT Koen,16,72,62,14290
FRANK Mathias,16,73,62,14290
VUILLERMOZ Alexis,16,74,62,14290
HERRADA Jesús,16,75,62,14290
SCHÄR Michael,16,76,62,14290
GAUDU David,16,77,62,14290
COSNEFROY Benoît,16,78,62,14290
KRAGH ANDERSEN Søren,16,79,62,14290
VAN BAARLE Dylan,16,80,70,14298
BAK Lars Ytting,16,81,75,14303
OURSELIN Paul,16,82,75,14303
KÄMNA Lennard,16,83,80,14308
TAARAMÄE Rein,16,84,82,14310
KING Ben,16,85,98,14326
HALLER Marco,16,86,98,14326
DELAPLACE Anthony,16,87,102,14330
GOUGEARD Alexis,16,88,102,14330
ROSSETTO Stéphane,16,89,117,14345
VERONA Carlos,16,90,117,14345
WELLENS Tim,16,91,120,14348
DE GENDT Thomas,16,92,120,14348
MOLLEMA Bauke,16,93,120,14348
YATES Adam,16,94,120,14348
HEPBURN Michael,16,95,120,14348
GESBERT Élie,16,96,120,14348
CARUSO Damiano,16,97,120,14348
NIBALI Vincenzo,16,98,120,14348
HAGA Chad,16,99,120,14348
GONÇALVES José,16,100,120,14348
GALLOPIN Tony,16,101,120,14348
DOWSETT Alex,16,102,120,14348
REICHENBACH Sébastien,16,103,120,14348
GESCHKE Simon,16,104,120,14348
ZAKARIN Ilnur,16,105,120,14348
PAUWELS Serge,16,106,120,14348
TEUNS Dylan,16,107,120,14348
WIŚNIOWSKI Łukasz,16,108,120,14348
MOINARD Amaël,16,109,120,14348
CASTROVIEJO Jonathan,16,110,120,14348
TURGIS Anthony,16,111,120,14348
ROCHE Nicolas,16,112,120,14348
TRATNIK Jan,16,113,120,14348
LAENGEN Vegard Stake,16,114,128,14356
OSS Daniel,16,115,128,14356
WOODS Michael,16,116,128,14356
SICARD Romain,16,117,128,14356
BENNETT George,16,118,128,14356
CICCONE Giulio,16,119,128,14356
PÖSTLBERGER Lukas,16,120,128,14356
DURBRIDGE Luke,16,121,128,14356
KÜNG Stefan,16,122,128,14356
PEREZ Anthony,16,123,128,14356
DEVENYNS Dries,16,124,128,14356
SKUJIŅŠ Toms,16,125,128,14356
DE GENDT Aimé,16,126,128,14356
KEUKELEIRE Jens,16,127,133,14361
BURGHARDT Marcus,16,128,151,14379
JUUL-JENSEN Christopher,16,129,155,14383
WÜRTZ SCHMIDT Mads,16,130,229,14457
ASGREEN Kasper,16,131,229,14457
DE PLUS Laurens,16,132,229,14457
BENOOT Tiesj,16,133,229,14457
POELS Wout,16,134,229,14457
HAIG Jack,16,135,229,14457
IMPEY Daryl,16,136,229,14457
KWIATKOWSKI Michał,16,137,229,14457
KONRAD Patrick,16,138,229,14457
LADAGNOUS Matthieu,16,139,229,14457
YATES Simon,16,140,229,14457
AMADOR Andrey,16,141,229,14457
CUMMINGS Steve,16,142,282,14510
COSTA Rui,16,143,322,14550
BERHANE Natnael,16,144,360,14588
GRELLIER Fabien,16,145,360,14588
BONNET William,16,146,392,14620
BILBAO Pello,16,147,392,14620
ROUX Anthony,16,148,392,14620
SCULLY Tom,16,149,524,14752
VAN MELSEN Kévin,16,150,524,14752
LANGEVELD Sebastian,16,151,524,14752
MAS Enric,16,152,524,14752
FRAILE Omar,16,153,524,14752
SOLER Marc,16,154,524,14752
BOL Cees,16,155,535,14763
LUTSENKO Alexey,16,156,634,14862
CORT Magnus,16,157,634,14862
SÁNCHEZ Luis León,16,158,634,14862
HOULE Hugo,16,159,634,14862
MONFORT Maxime,16,160,634,14862
MARTIN Tony,16,161,751,14979
VALGREN Michael,16,162,754,14982
YATES Simon,15,1,0,17224
PINOT Thibaut,15,2,33,17257
LANDA Mikel,15,3,33,17257
BUCHMANN Emanuel,15,4,51,17275
BERNAL Egan,15,5,51,17275
KÄMNA Lennard,15,6,63,17287
THOMAS Geraint,15,7,82,17306
KRUIJSWIJK Steven,15,8,82,17306
VALVERDE Alejandro,15,9,82,17306
PORTE Richie,15,10,90,17314
ALAPHILIPPE Julian,15,11,109,17333
POELS Wout,15,12,109,17333
BARGUIL Warren,15,13,114,17338
FUGLSANG Jakob,15,14,114,17338
MARTIN Guillaume,15,15,128,17352
REICHENBACH Sébastien,15,16,175,17399
KREUZIGER Roman,15,17,178,17402
BARDET Romain,15,18,178,17402
QUINTANA Nairo,15,19,178,17402
URÁN Rigoberto,15,20,178,17402
MARTIN Dan,15,21,218,17442
MEURISSE Xandro,15,22,225,17449
KANGERT Tanel,15,23,225,17449
GALLOPIN Tony,15,24,242,17466
GESCHKE Simon,15,25,264,17488
ARU Fabio,15,26,285,17509
GAUDU David,15,27,320,17544
HAIG Jack,15,28,384,17608
LUTSENKO Alexey,15,29,419,17643
CASTROVIEJO Jonathan,15,30,599,17823
MOLARD Rudy,15,31,606,17830
BERNARD Julien,15,32,606,17830
HERRADA Jesús,15,33,608,17832
BENNETT George,15,34,702,17926
WOODS Michael,15,35,702,17926
MÜHLBERGER Gregor,15,36,702,17926
CICCONE Giulio,15,37,777,18001
BILBAO Pello,15,38,777,18001
VAN BAARLE Dylan,15,39,817,18041
GRELLIER Fabien,15,40,833,18057
CHEREL Mikaël,15,41,833,18057
DE PLUS Laurens,15,42,861,18085
ROSSETTO Stéphane,15,43,972,18196
KING Ben,15,44,972,18196
VALGREN Michael,15,45,972,18196
FRAILE Omar,15,46,1136,18360
SOLER Marc,15,47,1136,18360
NAESEN Oliver,15,48,1136,18360
VUILLERMOZ Alexis,15,49,1155,18379
OURSELIN Paul,15,50,1155,18379
DELAPLACE Anthony,15,51,1155,18379
SCHÄR Michael,15,52,1227,18451
KÜNG Stefan,15,53,1227,18451
FELLINE Fabio,15,54,1276,18500
MOSCON Gianni,15,55,1297,18521
ROUX Anthony,15,56,1337,18561
CORT Magnus,15,57,1399,18623
AMADOR Andrey,15,58,1458,18682
VERONA Carlos,15,59,1470,18694
ERVITI Imanol,15,60,1470,18694
YATES Adam,15,61,1470,18694
OLIVEIRA Nelson,15,62,1470,18694
HOULE Hugo,15,63,1470,18694
ROCHE Nicolas,15,64,1470,18694
KRAGH ANDERSEN Søren,15,65,1470,18694
CLARKE Simon,15,66,1483,18707
DEVENYNS Dries,15,67,1543,18767
DE GENDT Thomas,15,68,1608,18832
PAUWELS Serge,15,69,1608,18832
POLITT Nils,15,70,1608,18832
OSS Daniel,15,71,1608,18832
VACHON Florian,15,72,1608,18832
BACKAERT Frederik,15,73,1608,18832
DE KORT Koen,15,74,1608,18832
LEDANOIS Kévin,15,75,1608,18832
PÉRICHON Pierre-Luc,15,76,1608,18832
GESBERT Élie,15,77,1608,18832
ARNDT Nikias,15,78,1608,18832
COSTA Rui,15,79,1608,18832
ZAKARIN Ilnur,15,80,1608,18832
GOUGEARD Alexis,15,81,1608,18832
BOUET Maxime,15,82,1608,18832
KEUKELEIRE Jens,15,83,1608,18832
BENOOT Tiesj,15,84,1608,18832
STUYVEN Jasper,15,85,1608,18832
IMPEY Daryl,15,86,1608,18832
FRANK Mathias,15,87,1608,18832
PASQUALON Andrea,15,88,1608,18832
PEREZ Anthony,15,89,1608,18832
HAGA Chad,15,90,1608,18832
BETTIOL Alberto,15,91,1608,18832
JUUL-JENSEN Christopher,15,92,1608,18832
KONRAD Patrick,15,93,1608,18832
TRATNIK Jan,15,94,1608,18832
SKUJIŅŠ Toms,15,95,1608,18832
ROSSKOPF Joey,15,96,1608,18832
TURGIS Anthony,15,97,1608,18832
SICARD Romain,15,98,1608,18832
CARUSO Damiano,15,99,1608,18832
MOINARD Amaël,15,100,1608,18832
SÁNCHEZ Luis León,15,101,1608,18832
GONÇALVES José,15,102,1608,18832
MATTHEWS Michael,15,103,1608,18832
LAMPAERT Yves,15,104,1608,18832
TAARAMÄE Rein,15,105,1608,18832
LADAGNOUS Matthieu,15,106,1608,18832
CUMMINGS Steve,15,107,1608,18832
VIVIANI Elia,15,108,1679,18903
MOLLEMA Bauke,15,109,1720,18944
ROWE Luke,15,110,1721,18945
KWIATKOWSKI Michał,15,111,1721,18945
BONIFAZIO Niccolò,15,112,1721,18945
WELLENS Tim,15,113,1743,18967
ASGREEN Kasper,15,114,1797,19021
TRENTIN Matteo,15,115,1808,19032
COLBRELLI Sonny,15,116,1808,19032
IZAGIRRE Gorka,15,117,1808,19032
NIBALI Vincenzo,15,118,1808,19032
BOASSON HAGEN Edvald,15,119,1828,19052
DE BUYST Jasper,15,120,1830,19054
OFFREDO Yoann,15,121,1830,19054
KRISTOFF Alexander,15,122,1830,19054
MONFORT Maxime,15,123,1830,19054
WÜRTZ SCHMIDT Mads,15,124,1830,19054
VAN MELSEN Kévin,15,125,1830,19054
BERHANE Natnael,15,126,1830,19054
HALLER Marco,15,127,1830,19054
BAK Lars Ytting,15,128,1830,19054
HEPBURN Michael,15,129,1830,19054
TEUNISSEN Mike,15,130,1830,19054
MOHORIČ Matej,15,131,1830,19054
KELDERMAN Wilco,15,132,1830,19054
BONNET William,15,133,1830,19054
DURBRIDGE Luke,15,134,1830,19054
SCULLY Tom,15,135,1830,19054
GROENEWEGEN Dylan,15,136,1830,19054
TEUNS Dylan,15,137,1830,19054
VAN AVERMAET Greg,15,138,1830,19054
WIŚNIOWSKI Łukasz,15,139,1830,19054
HENAO Sergio,15,140,1830,19054
CALMEJANE Lilian,15,141,1830,19054
COSNEFROY Benoît,15,142,1830,19054
BOL Cees,15,143,1830,19054
JANSEN Amund Grøndahl,15,144,1830,19054
MARTIN Tony,15,145,1830,19054
EIKING Odd Christian,15,146,1830,19054
LAENGEN Vegard Stake,15,147,1830,19054
BYSTRØM Sven Erik,15,148,1830,19054
SIMON Julien,15,149,1830,19054
JANSE VAN RENSBURG Reinardt,15,150,1830,19054
PÖSTLBERGER Lukas,15,151,1830,19054
LANGEVELD Sebastian,15,152,1830,19054
DOWSETT Alex,15,153,1830,19054
DEBUSSCHERE Jens,15,154,1830,19054
GREIPEL André,15,155,1830,19054
DE GENDT Aimé,15,156,1830,19054
GARCÍA CORTINA Iván,15,157,1830,19054
MAS Enric,15,158,1889,19113
BURGHARDT Marcus,15,159,1891,19115
EWAN Caleb,15,160,1891,19115
KLUGE Roger,15,161,1891,19115
MØRKØV Michael,15,162,1894,19118
SAGAN Peter,15,163,1894,19118
RICHEZE Maximiliano,15,164,1946,19170
PINOT Thibaut,14,1,0,11420
ALAPHILIPPE Julian,14,2,6,11426
KRUIJSWIJK Steven,14,3,6,11426
BUCHMANN Emanuel,14,4,8,11428
BERNAL Egan,14,5,8,11428
LANDA Mikel,14,6,14,11434
URÁN Rigoberto,14,7,30,11450
THOMAS Geraint,14,8,36,11456
BARGUIL Warren,14,9,38,11458
FUGLSANG Jakob,14,10,53,11473
BENNETT George,14,11,58,11478
VALVERDE Alejandro,14,12,58,11478
DE PLUS Laurens,14,13,79,11499
PORTE Richie,14,14,125,11545
GAUDU David,14,15,146,11566
MAS Enric,14,16,174,11594
QUINTANA Nairo,14,17,204,11624
MOLLEMA Bauke,14,18,209,11629
ARU Fabio,14,19,213,11633
KREUZIGER Roman,14,20,228,11648
POELS Wout,14,21,250,11670
MARTIN Guillaume,14,22,261,11681
KANGERT Tanel,14,23,288,11708
MARTIN Dan,14,24,335,11755
YATES Adam,14,25,402,11822
SOLER Marc,14,26,432,11852
IZAGIRRE Gorka,14,27,574,11994
MOLARD Rudy,14,28,599,12019
VAN BAARLE Dylan,14,29,599,12019
CASTROVIEJO Jonathan,14,30,656,12076
GESBERT Élie,14,31,675,12095
CARUSO Damiano,14,32,675,12095
REICHENBACH Sébastien,14,33,681,12101
HERRADA Jesús,14,34,682,12102
BILBAO Pello,14,35,699,12119
HAIG Jack,14,36,699,12119
DEVENYNS Dries,14,37,724,12144
VUILLERMOZ Alexis,14,38,740,12160
MÜHLBERGER Gregor,14,39,759,12179
KONRAD Patrick,14,40,759,12179
PÉRICHON Pierre-Luc,14,41,770,12190
CALMEJANE Lilian,14,42,850,12270
WELLENS Tim,14,43,919,12339
FRAILE Omar,14,44,929,12349
SICARD Romain,14,45,936,12356
BENOOT Tiesj,14,46,975,12395
YATES Simon,14,47,991,12411
LUTSENKO Alexey,14,48,1031,12451
ZAKARIN Ilnur,14,49,1031,12451
HENAO Sergio,14,50,1031,12451
SÁNCHEZ Luis León,14,51,1031,12451
HOULE Hugo,14,52,1031,12451
MOINARD Amaël,14,53,1105,12525
GALLOPIN Tony,14,54,1219,12639
CHEREL Mikaël,14,55,1219,12639
MEURISSE Xandro,14,56,1219,12639
FRANK Mathias,14,57,1219,12639
NAESEN Oliver,14,58,1219,12639
CICCONE Giulio,14,59,1219,12639
EIKING Odd Christian,14,60,1219,12639
COSNEFROY Benoît,14,61,1219,12639
KING Ben,14,62,1219,12639
BYSTRØM Sven Erik,14,63,1219,12639
BACKAERT Frederik,14,64,1219,12639
OURSELIN Paul,14,65,1219,12639
BARDET Romain,14,66,1219,12639
DE KORT Koen,14,67,1219,12639
BERNARD Julien,14,68,1219,12639
DE BUYST Jasper,14,69,1219,12639
VALGREN Michael,14,70,1219,12639
DE GENDT Thomas,14,71,1219,12639
ROSSETTO Stéphane,14,72,1219,12639
BERHANE Natnael,14,73,1219,12639
NIBALI Vincenzo,14,74,1219,12639
STUYVEN Jasper,14,75,1219,12639
VERONA Carlos,14,76,1219,12639
ROSSKOPF Joey,14,77,1219,12639
KEUKELEIRE Jens,14,78,1219,12639
SCHÄR Michael,14,79,1219,12639
TAARAMÄE Rein,14,80,1219,12639
KELDERMAN Wilco,14,81,1219,12639
PAUWELS Serge,14,82,1219,12639
TEUNISSEN Mike,14,83,1219,12639
VAN AVERMAET Greg,14,84,1219,12639
WOODS Michael,14,85,1219,12639
ROCHE Nicolas,14,86,1219,12639
OLIVEIRA Nelson,14,87,1219,12639
ERVITI Imanol,14,88,1219,12639
AMADOR Andrey,14,89,1219,12639
COSTA Rui,14,90,1219,12639
ROUX Anthony,14,91,1219,12639
HAGA Chad,14,92,1233,12653
BETTIOL Alberto,14,93,1233,12653
CORT Magnus,14,94,1236,12656
BOASSON HAGEN Edvald,14,95,1239,12659
LAENGEN Vegard Stake,14,96,1239,12659
MATTHEWS Michael,14,97,1253,12673
EWAN Caleb,14,98,1264,12684
MONFORT Maxime,14,99,1264,12684
PEREZ Anthony,14,100,1264,12684
TEUNS Dylan,14,101,1273,12693
KÜNG Stefan,14,102,1275,12695
TURGIS Anthony,14,103,1294,12714
PASQUALON Andrea,14,104,1299,12719
VAN MELSEN Kévin,14,105,1311,12731
LEDANOIS Kévin,14,106,1315,12735
SCULLY Tom,14,107,1335,12755
KÄMNA Lennard,14,108,1335,12755
POLITT Nils,14,109,1335,12755
GESCHKE Simon,14,110,1335,12755
DELAPLACE Anthony,14,111,1341,12761
IMPEY Daryl,14,112,1348,12768
MARTIN Tony,14,113,1379,12799
LAMPAERT Yves,14,114,1391,12811
WÜRTZ SCHMIDT Mads,14,115,1401,12821
LADAGNOUS Matthieu,14,116,1407,12827
DURBRIDGE Luke,14,117,1415,12835
GARCÍA CORTINA Iván,14,118,1432,12852
TRENTIN Matteo,14,119,1442,12862
MOSCON Gianni,14,120,1442,12862
KLUGE Roger,14,121,1447,12867
OSS Daniel,14,122,1455,12875
FELLINE Fabio,14,123,1458,12878
SKUJIŅŠ Toms,14,124,1458,12878
ASGREEN Kasper,14,125,1458,12878
GONÇALVES José,14,126,1458,12878
JUUL-JENSEN Christopher,14,127,1458,12878
TRATNIK Jan,14,128,1464,12884
KRAGH ANDERSEN Søren,14,129,1464,12884
GOUGEARD Alexis,14,130,1464,12884
MØRKØV Michael,14,131,1464,12884
COLBRELLI Sonny,14,132,1464,12884
MOHORIČ Matej,14,133,1464,12884
PÖSTLBERGER Lukas,14,134,1464,12884
GRELLIER Fabien,14,135,1464,12884
ARNDT Nikias,14,136,1464,12884
VACHON Florian,14,137,1464,12884
SIMON Julien,14,138,1464,12884
GREIPEL André,14,139,1464,12884
DE GENDT Aimé,14,140,1464,12884
CUMMINGS Steve,14,141,1464,12884
CLARKE Simon,14,142,1479,12899
BOUET Maxime,14,143,1542,12962
KWIATKOWSKI Michał,14,144,1547,12967
ROWE Luke,14,145,1547,12967
SAGAN Peter,14,146,1553,12973
HALLER Marco,14,147,1581,13001
OFFREDO Yoann,14,148,1590,13010
BONNET William,14,149,1595,13015
WIŚNIOWSKI Łukasz,14,150,1595,13015
HEPBURN Michael,14,151,1629,13049
LANGEVELD Sebastian,14,152,1629,13049
JANSEN Amund Grøndahl,14,153,1629,13049
BAK Lars Ytting,14,154,1629,13049
JANSE VAN RENSBURG Reinardt,14,155,1629,13049
GROENEWEGEN Dylan,14,156,1629,13049
VIVIANI Elia,14,157,1629,13049
DOWSETT Alex,14,158,1646,13066
RICHEZE Maximiliano,14,159,1650,13070
BOL Cees,14,160,1650,13070
BONIFAZIO Niccolò,14,161,1666,13086
KRISTOFF Alexander,14,162,1676,13096
DEBUSSCHERE Jens,14,163,1751,13171
BURGHARDT Marcus,14,164,1797,13217
ALAPHILIPPE Julian,13,1,0,2100
THOMAS Geraint,13,2,14,2114
DE GENDT Thomas,13,3,36,2136
URÁN Rigoberto,13,4,36,2136
PORTE Richie,13,5,45,2145
KRUIJSWIJK Steven,13,6,45,2145
PINOT Thibaut,13,7,49,2149
ASGREEN Kasper,13,8,52,2152
MAS Enric,13,9,58,2158
ROSSKOPF Joey,13,10,61,2161
OLIVEIRA Nelson,13,11,63,2163
FUGLSANG Jakob,13,12,67,2167
MOLLEMA Bauke,13,13,69,2169
VALVERDE Alejandro,13,14,71,2171
BUCHMANN Emanuel,13,15,79,2179
TRATNIK Jan,13,16,79,2179
HAGA Chad,13,17,82,2182
POLITT Nils,13,18,85,2185
BETTIOL Alberto,13,19,86,2186
WÜRTZ SCHMIDT Mads,13,20,91,2191
DOWSETT Alex,13,21,92,2192
BERNAL Egan,13,22,96,2196
MOHORIČ Matej,13,23,104,2204
LANDA Mikel,13,24,105,2205
KONRAD Patrick,13,25,108,2208
ARU Fabio,13,26,109,2209
KÜNG Stefan,13,27,110,2210
QUINTANA Nairo,13,28,111,2211
PEREZ Anthony,13,29,113,2213
LUTSENKO Alexey,13,30,114,2214
KRAGH ANDERSEN Søren,13,31,125,2225
GOUGEARD Alexis,13,32,126,2226
MARTIN Dan,13,33,126,2226
YATES Adam,13,34,128,2228
KÄMNA Lennard,13,35,133,2233
FELLINE Fabio,13,36,135,2235
ARNDT Nikias,13,37,145,2245
MONFORT Maxime,13,38,145,2245
BARDET Romain,13,39,146,2246
MEURISSE Xandro,13,40,148,2248
KANGERT Tanel,13,41,151,2251
WIŚNIOWSKI Łukasz,13,42,151,2251
ZAKARIN Ilnur,13,43,151,2251
ROUX Anthony,13,44,152,2252
KREUZIGER Roman,13,45,159,2259
ROSSETTO Stéphane,13,46,161,2261
KELDERMAN Wilco,13,47,165,2265
CUMMINGS Steve,13,48,165,2265
KING Ben,13,49,170,2270
HERRADA Jesús,13,50,180,2280
GARCÍA CORTINA Iván,13,51,180,2280
SCHÄR Michael,13,52,183,2283
MARTIN Guillaume,13,53,183,2283
BACKAERT Frederik,13,54,184,2284
LAMPAERT Yves,13,55,184,2284
MOLARD Rudy,13,56,188,2288
NIBALI Vincenzo,13,57,189,2289
MATTHEWS Michael,13,58,189,2289
BOUET Maxime,13,59,190,2290
GESCHKE Simon,13,60,191,2291
BARGUIL Warren,13,61,193,2293
CARUSO Damiano,13,62,194,2294
REICHENBACH Sébastien,13,63,194,2294
VAN BAARLE Dylan,13,64,201,2301
SIMON Julien,13,65,203,2303
DELAPLACE Anthony,13,66,204,2304
VAN AVERMAET Greg,13,67,205,2305
GESBERT Élie,13,68,205,2305
BONNET William,13,69,211,2311
SÁNCHEZ Luis León,13,70,212,2312
LADAGNOUS Matthieu,13,71,212,2312
SAGAN Peter,13,72,213,2313
VALGREN Michael,13,73,218,2318
BERNARD Julien,13,74,218,2318
SCULLY Tom,13,75,221,2321
OSS Daniel,13,76,221,2321
PÉRICHON Pierre-Luc,13,77,224,2324
SICARD Romain,13,78,224,2324
DURBRIDGE Luke,13,79,229,2329
OURSELIN Paul,13,80,230,2330
CALMEJANE Lilian,13,81,231,2331
ERVITI Imanol,13,82,231,2331
TURGIS Anthony,13,83,232,2332
BYSTRØM Sven Erik,13,84,233,2333
JANSE VAN RENSBURG Reinardt,13,85,238,2338
TAARAMÄE Rein,13,86,239,2339
FRAILE Omar,13,87,241,2341
GAUDU David,13,88,242,2342
BAK Lars Ytting,13,89,243,2343
DE KORT Koen,13,90,246,2346
VIVIANI Elia,13,91,247,2347
HENAO Sergio,13,92,247,2347
KEUKELEIRE Jens,13,93,247,2347
POELS Wout,13,94,249,2349
DEVENYNS Dries,13,95,250,2350
VACHON Florian,13,96,252,2352
COSNEFROY Benoît,13,97,254,2354
SOLER Marc,13,98,255,2355
RICHEZE Maximiliano,13,99,260,2360
VAN MELSEN Kévin,13,100,261,2361
TEUNISSEN Mike,13,101,262,2362
JUUL-JENSEN Christopher,13,102,263,2363
MOSCON Gianni,13,103,263,2363
GALLOPIN Tony,13,104,264,2364
MOINARD Amaël,13,105,264,2364
LAENGEN Vegard Stake,13,106,265,2365
DE GENDT Aimé,13,107,266,2366
MØRKØV Michael,13,108,267,2367
IZAGIRRE Gorka,13,109,270,2370
BOASSON HAGEN Edvald,13,110,271,2371
DE BUYST Jasper,13,111,271,2371
NAESEN Oliver,13,112,273,2373
COLBRELLI Sonny,13,113,274,2374
TRENTIN Matteo,13,114,275,2375
ROCHE Nicolas,13,115,275,2375
GONÇALVES José,13,116,276,2376
PAUWELS Serge,13,117,277,2377
VUILLERMOZ Alexis,13,118,277,2377
DE PLUS Laurens,13,119,278,2378
TEUNS Dylan,13,120,279,2379
BENOOT Tiesj,13,121,280,2380
BILBAO Pello,13,122,283,2383
GRELLIER Fabien,13,123,283,2383
WELLENS Tim,13,124,283,2383
EIKING Odd Christian,13,125,285,2385
IMPEY Daryl,13,126,285,2385
BERHANE Natnael,13,127,286,2386
PÖSTLBERGER Lukas,13,128,286,2386
HOULE Hugo,13,129,286,2386
JANSEN Amund Grøndahl,13,130,292,2392
YATES Simon,13,131,295,2395
WOODS Michael,13,132,295,2395
CLARKE Simon,13,133,297,2397
LEDANOIS Kévin,13,134,302,2402
KWIATKOWSKI Michał,13,135,303,2403
COSTA Rui,13,136,307,2407
HAIG Jack,13,137,308,2408
OFFREDO Yoann,13,138,310,2410
MÜHLBERGER Gregor,13,139,310,2410
PASQUALON Andrea,13,140,311,2411
ROWE Luke,13,141,312,2412
BURGHARDT Marcus,13,142,312,2412
CICCONE Giulio,13,143,316,2416
GREIPEL André,13,144,320,2420
HEPBURN Michael,13,145,323,2423
GROENEWEGEN Dylan,13,146,335,2435
SCHACHMANN Maximilian,13,147,341,2441
STUYVEN Jasper,13,148,344,2444
VERONA Carlos,13,149,348,2448
CHEREL Mikaël,13,150,349,2449
KRISTOFF Alexander,13,151,349,2449
BONIFAZIO Niccolò,13,152,350,2450
DEBUSSCHERE Jens,13,153,353,2453
HALLER Marco,13,154,353,2453
SKUJIŅŠ Toms,13,155,357,2457
CASTROVIEJO Jonathan,13,156,359,2459
LANGEVELD Sebastian,13,157,366,2466
FRANK Mathias,13,158,367,2467
BENNETT George,13,159,374,2474
BOL Cees,13,160,375,2475
KLUGE Roger,13,161,379,2479
CORT Magnus,13,162,385,2485
MARTIN Tony,13,163,405,2505
AMADOR Andrey,13,164,415,2515
EWAN Caleb,13,165,415,2515
YATES Simon,12,1,0,17873
BILBAO Pello,12,2,0,17873
MÜHLBERGER Gregor,12,3,0,17873
BENOOT Tiesj,12,4,88,17961
FELLINE Fabio,12,5,88,17961
TRENTIN Matteo,12,6,88,17961
NAESEN Oliver,12,7,88,17961
COSTA Rui,12,8,88,17961
CLARKE Simon,12,9,88,17961
STUYVEN Jasper,12,10,88,17961
VAN AVERMAET Greg,12,11,88,17961
TEUNS Dylan,12,12,88,17961
PAUWELS Serge,12,13,88,17961
FRANK Mathias,12,14,88,17961
ROCHE Nicolas,12,15,88,17961
SCHACHMANN Maximilian,12,16,88,17961
GALLOPIN Tony,12,17,88,17961
VALGREN Michael,12,18,93,17966
ERVITI Imanol,12,19,313,18186
BETTIOL Alberto,12,20,313,18186
PÉRICHON Pierre-Luc,12,21,313,18186
VAN BAARLE Dylan,12,22,575,18448
ROWE Luke,12,23,575,18448
KWIATKOWSKI Michał,12,24,575,18448
CASTROVIEJO Jonathan,12,25,575,18448
POELS Wout,12,26,575,18448
THOMAS Geraint,12,27,575,18448
BERNAL Egan,12,28,575,18448
MOSCON Gianni,12,29,575,18448
SOLER Marc,12,30,575,18448
ALAPHILIPPE Julian,12,31,575,18448
DEVENYNS Dries,12,32,575,18448
PORTE Richie,12,33,575,18448
MEURISSE Xandro,12,34,575,18448
MAS Enric,12,35,575,18448
VALVERDE Alejandro,12,36,575,18448
BERNARD Julien,12,37,575,18448
EIKING Odd Christian,12,38,575,18448
PINOT Thibaut,12,39,575,18448
SCHÄR Michael,12,40,575,18448
GAUDU David,12,41,575,18448
KONRAD Patrick,12,42,575,18448
LANDA Mikel,12,43,575,18448
QUINTANA Nairo,12,44,575,18448
BUCHMANN Emanuel,12,45,575,18448
FUGLSANG Jakob,12,46,575,18448
AMADOR Andrey,12,47,575,18448
MOLLEMA Bauke,12,48,575,18448
CICCONE Giulio,12,49,575,18448
KRUIJSWIJK Steven,12,50,575,18448
BARDET Romain,12,51,575,18448
CHEREL Mikaël,12,52,575,18448
HOULE Hugo,12,53,575,18448
KREUZIGER Roman,12,54,575,18448
SKUJIŅŠ Toms,12,55,575,18448
BARGUIL Warren,12,56,575,18448
TEUNISSEN Mike,12,57,575,18448
REICHENBACH Sébastien,12,58,575,18448
BOUET Maxime,12,59,575,18448
MARTIN Dan,12,60,575,18448
LUTSENKO Alexey,12,61,575,18448
SIMON Julien,12,62,575,18448
FRAILE Omar,12,63,575,18448
PEREZ Anthony,12,64,575,18448
CARUSO Damiano,12,65,575,18448
KANGERT Tanel,12,66,575,18448
HAIG Jack,12,67,575,18448
YATES Adam,12,68,575,18448
URÁN Rigoberto,12,69,575,18448
MOINARD Amaël,12,70,575,18448
MARTIN Guillaume,12,71,575,18448
VUILLERMOZ Alexis,12,72,575,18448
ZAKARIN Ilnur,12,73,575,18448
TAARAMÄE Rein,12,74,575,18448
SÁNCHEZ Luis León,12,75,575,18448
ARU Fabio,12,76,575,18448
IZAGIRRE Gorka,12,77,575,18448
CORT Magnus,12,78,575,18448
CALMEJANE Lilian,12,79,575,18448
HERRADA Jesús,12,80,575,18448
ROSSETTO Stéphane,12,81,575,18448
DE PLUS Laurens,12,82,575,18448
HENAO Sergio,12,83,575,18448
MOLARD Rudy,12,84,575,18448
SICARD Romain,12,85,575,18448
LEDANOIS Kévin,12,86,575,18448
BENNETT George,12,87,575,18448
WOODS Michael,12,88,575,18448
KELDERMAN Wilco,12,89,575,18448
MATTHEWS Michael,12,90,575,18448
DE GENDT Thomas,12,91,930,18803
WELLENS Tim,12,92,930,18803
PASQUALON Andrea,12,93,930,18803
CUMMINGS Steve,12,94,930,18803
VERONA Carlos,12,95,930,18803
MØRKØV Michael,12,96,1138,19011
KRISTOFF Alexander,12,97,1138,19011
ROUX Anthony,12,98,1138,19011
LADAGNOUS Matthieu,12,99,1138,19011
BOASSON HAGEN Edvald,12,100,1138,19011
POLITT Nils,12,101,1138,19011
WIŚNIOWSKI Łukasz,12,102,1138,19011
KING Ben,12,103,1138,19011
ARNDT Nikias,12,104,1138,19011
OSS Daniel,12,105,1138,19011
OFFREDO Yoann,12,106,1138,19011
GESCHKE Simon,12,107,1138,19011
BYSTRØM Sven Erik,12,108,1138,19011
DELAPLACE Anthony,12,109,1138,19011
NIBALI Vincenzo,12,110,1138,19011
OURSELIN Paul,12,111,1138,19011
COLBRELLI Sonny,12,112,1138,19011
LAENGEN Vegard Stake,12,113,1138,19011
ROSSKOPF Joey,12,114,1138,19011
GONÇALVES José,12,115,1138,19011
BACKAERT Frederik,12,116,1138,19011
TRATNIK Jan,12,117,1138,19011
HAGA Chad,12,118,1138,19011
OLIVEIRA Nelson,12,119,1138,19011
VACHON Florian,12,120,1138,19011
GESBERT Élie,12,121,1138,19011
DURBRIDGE Luke,12,122,1138,19011
JUUL-JENSEN Christopher,12,123,1138,19011
IMPEY Daryl,12,124,1138,19011
GRELLIER Fabien,12,125,1138,19011
GARCÍA CORTINA Iván,12,126,1138,19011
SCULLY Tom,12,127,1138,19011
GOUGEARD Alexis,12,128,1138,19011
COSNEFROY Benoît,12,129,1138,19011
GROENEWEGEN Dylan,12,130,1138,19011
KRAGH ANDERSEN Søren,12,131,1149,19022
DE KORT Koen,12,132,1256,19129
KÜNG Stefan,12,133,1256,19129
BERHANE Natnael,12,134,1256,19129
BONNET William,12,135,1256,19129
VAN MELSEN Kévin,12,136,1256,19129
BONIFAZIO Niccolò,12,137,1256,19129
MOHORIČ Matej,12,138,1256,19129
WÜRTZ SCHMIDT Mads,12,139,1256,19129
BURGHARDT Marcus,12,140,1256,19129
SAGAN Peter,12,141,1256,19129
BOL Cees,12,142,1481,19354
HALLER Marco,12,143,1532,19405
DOWSETT Alex,12,144,1532,19405
TURGIS Anthony,12,145,1532,19405
KÄMNA Lennard,12,146,1532,19405
PÖSTLBERGER Lukas,12,147,1532,19405
JANSE VAN RENSBURG Reinardt,12,148,1532,19405
MARTIN Tony,12,149,1594,19467
GREIPEL André,12,150,1594,19467
KLUGE Roger,12,151,1594,19467
DE BUYST Jasper,12,152,1594,19467
VIVIANI Elia,12,153,1594,19467
MONFORT Maxime,12,154,1594,19467
ASGREEN Kasper,12,155,1594,19467
BAK Lars Ytting,12,156,1594,19467
KEUKELEIRE Jens,12,157,1594,19467
LAMPAERT Yves,12,158,1594,19467
RICHEZE Maximiliano,12,159,1594,19467
HEPBURN Michael,12,160,1594,19467
DEBUSSCHERE Jens,12,161,1594,19467
DE GENDT Aimé,12,162,1594,19467
LANGEVELD Sebastian,12,163,1594,19467
VAN AERT Wout,12,164,1594,19467
EWAN Caleb,12,165,1594,19467
JANSEN Amund Grøndahl,12,166,1594,19467
EWAN Caleb,11,1,0,13886
GROENEWEGEN Dylan,11,2,0,13886
VIVIANI Elia,11,3,0,13886
SAGAN Peter,11,4,0,13886
DEBUSSCHERE Jens,11,5,0,13886
COLBRELLI Sonny,11,6,0,13886
PHILIPSEN Jasper,11,7,0,13886
BOL Cees,11,8,0,13886
KRISTOFF Alexander,11,9,0,13886
BARGUIL Warren,11,10,0,13886
PASQUALON Andrea,11,11,0,13886
BONIFAZIO Niccolò,11,12,0,13886
BERNAL Egan,11,13,0,13886
TEUNISSEN Mike,11,14,0,13886
RICHEZE Maximiliano,11,15,0,13886
HALLER Marco,11,16,0,13886
ALAPHILIPPE Julian,11,17,0,13886
NAESEN Oliver,11,18,0,13886
KRUIJSWIJK Steven,11,19,0,13886
MARTIN Dan,11,20,0,13886
FUGLSANG Jakob,11,21,0,13886
QUINTANA Nairo,11,22,0,13886
THOMAS Geraint,11,23,0,13886
BARDET Romain,11,24,0,13886
URÁN Rigoberto,11,25,0,13886
VAN AVERMAET Greg,11,26,0,13886
MARTIN Guillaume,11,27,0,13886
STUYVEN Jasper,11,28,0,13886
HENAO Sergio,11,29,0,13886
VALGREN Michael,11,30,0,13886
PINOT Thibaut,11,31,0,13886
YATES Adam,11,32,0,13886
FELLINE Fabio,11,33,0,13886
KREUZIGER Roman,11,34,0,13886
BUCHMANN Emanuel,11,35,0,13886
GREIPEL André,11,36,0,13886
MOSCON Gianni,11,37,0,13886
TAARAMÄE Rein,11,38,0,13886
LANDA Mikel,11,39,0,13886
CLARKE Simon,11,40,0,13886
PORTE Richie,11,41,0,13886
AMADOR Andrey,11,42,0,13886
CHEREL Mikaël,11,43,0,13886
BERNARD Julien,11,44,0,13886
GARCÍA CORTINA Iván,11,45,0,13886
MAS Enric,11,46,0,13886
VALVERDE Alejandro,11,47,0,13886
KONRAD Patrick,11,48,0,13886
GAUDU David,11,49,0,13886
HOULE Hugo,11,50,0,13886
BOASSON HAGEN Edvald,11,51,0,13886
IMPEY Daryl,11,52,0,13886
IZAGIRRE Gorka,11,53,0,13886
KÜNG Stefan,11,54,0,13886
MOLLEMA Bauke,11,55,0,13886
LUTSENKO Alexey,11,56,0,13886
MEURISSE Xandro,11,57,0,13886
SÁNCHEZ Luis León,11,58,0,13886
MOLARD Rudy,11,59,0,13886
ARU Fabio,11,60,0,13886
TRENTIN Matteo,11,61,14,13900
JANSE VAN RENSBURG Reinardt,11,62,14,13900
DE KORT Koen,11,63,14,13900
WIŚNIOWSKI Łukasz,11,64,14,13900
KING Ben,11,65,17,13903
PÉRICHON Pierre-Luc,11,66,19,13905
BENNETT George,11,67,19,13905
ROSSKOPF Joey,11,68,19,13905
HAIG Jack,11,69,19,13905
KANGERT Tanel,11,70,19,13905
MØRKØV Michael,11,71,23,13909
POLITT Nils,11,72,31,13917
GALLOPIN Tony,11,73,31,13917
MATTHEWS Michael,11,74,31,13917
SCHÄR Michael,11,75,31,13917
ARNDT Nikias,11,76,31,13917
OFFREDO Yoann,11,77,31,13917
ZAKARIN Ilnur,11,78,31,13917
ERVITI Imanol,11,79,31,13917
BYSTRØM Sven Erik,11,80,31,13917
DELAPLACE Anthony,11,81,31,13917
VAN BAARLE Dylan,11,82,41,13927
VAN AERT Wout,11,83,41,13927
KRAGH ANDERSEN Søren,11,84,41,13927
JANSEN Amund Grøndahl,11,85,46,13932
TEUNS Dylan,11,86,52,13938
KEUKELEIRE Jens,11,87,59,13945
OSS Daniel,11,88,68,13954
ROCHE Nicolas,11,89,75,13961
KÄMNA Lennard,11,90,75,13961
MOHORIČ Matej,11,91,79,13965
DOWSETT Alex,11,92,83,13969
KLUGE Roger,11,93,94,13980
BONNET William,11,94,99,13985
TRATNIK Jan,11,95,117,14003
ROWE Luke,11,96,126,14012
BAK Lars Ytting,11,97,135,14021
LAENGEN Vegard Stake,11,98,135,14021
COSTA Rui,11,99,135,14021
BOUET Maxime,11,100,135,14021
OURSELIN Paul,11,101,137,14023
VAN MELSEN Kévin,11,102,137,14023
HEPBURN Michael,11,103,141,14027
DURBRIDGE Luke,11,104,141,14027
VERONA Carlos,11,105,141,14027
SCHACHMANN Maximilian,11,106,160,14046
NIBALI Vincenzo,11,107,160,14046
WELLENS Tim,11,108,160,14046
DE GENDT Thomas,11,109,160,14046
DE BUYST Jasper,11,110,160,14046
EIKING Odd Christian,11,111,160,14046
BACKAERT Frederik,11,112,160,14046
GESBERT Élie,11,113,160,14046
ROUX Anthony,11,114,160,14046
VUILLERMOZ Alexis,11,115,160,14046
SICARD Romain,11,116,160,14046
FRANK Mathias,11,117,160,14046
REICHENBACH Sébastien,11,118,160,14046
HERRADA Jesús,11,119,160,14046
SIMON Julien,11,120,160,14046
KELDERMAN Wilco,11,121,160,14046
OLIVEIRA Nelson,11,122,160,14046
GESCHKE Simon,11,123,160,14046
SKUJIŅŠ Toms,11,124,160,14046
DE GENDT Aimé,11,125,160,14046
SCULLY Tom,11,126,160,14046
DE PLUS Laurens,11,127,160,14046
BILBAO Pello,11,128,160,14046
CASTROVIEJO Jonathan,11,129,160,14046
FRAILE Omar,11,130,160,14046
CARUSO Damiano,11,131,160,14046
BETTIOL Alberto,11,132,160,14046
BERHANE Natnael,11,133,160,14046
MOINARD Amaël,11,134,160,14046
LADAGNOUS Matthieu,11,135,160,14046
GOUGEARD Alexis,11,136,160,14046
CUMMINGS Steve,11,137,160,14046
PAUWELS Serge,11,138,160,14046
YATES Simon,11,139,204,14090
HAGA Chad,11,140,226,14112
GONÇALVES José,11,141,237,14123
TURGIS Anthony,11,142,238,14124
CALMEJANE Lilian,11,143,238,14124
GRELLIER Fabien,11,144,238,14124
LEDANOIS Kévin,11,145,238,14124
CORT Magnus,11,146,238,14124
MÜHLBERGER Gregor,11,147,238,14124
LAMPAERT Yves,11,148,242,14128
BURGHARDT Marcus,11,149,244,14130
WÜRTZ SCHMIDT Mads,11,150,280,14166
DEVENYNS Dries,11,151,317,14203
PEREZ Anthony,11,152,329,14215
ROSSETTO Stéphane,11,153,329,14215
BENOOT Tiesj,11,154,341,14227
WOODS Michael,11,155,341,14227
DENNIS Rohan,11,156,341,14227
POELS Wout,11,157,341,14227
KWIATKOWSKI Michał,11,158,341,14227
COSNEFROY Benoît,11,159,341,14227
VACHON Florian,11,160,341,14227
PÖSTLBERGER Lukas,11,161,376,14262
MONFORT Maxime,11,162,378,14264
JUUL-JENSEN Christopher,11,163,378,14264
ASGREEN Kasper,11,164,455,14341
SOLER Marc,11,165,651,14537
MARTIN Tony,11,166,651,14537
LANGEVELD Sebastian,11,167,723,14609
NIZZOLO Giacomo,11,168,723,14609
CICCONE Giulio,11,169,723,14609
VAN AERT Wout,10,1,0,17379
VIVIANI Elia,10,2,0,17379
EWAN Caleb,10,3,0,17379
MATTHEWS Michael,10,4,0,17379
SAGAN Peter,10,5,0,17379
PHILIPSEN Jasper,10,6,0,17379
COLBRELLI Sonny,10,7,0,17379
TRENTIN Matteo,10,8,0,17379
NAESEN Oliver,10,9,0,17379
VAN AVERMAET Greg,10,10,0,17379
ALAPHILIPPE Julian,10,11,0,17379
THOMAS Geraint,10,12,0,17379
WÜRTZ SCHMIDT Mads,10,13,0,17379
BERNAL Egan,10,14,0,17379
RICHEZE Maximiliano,10,15,0,17379
KONRAD Patrick,10,16,0,17379
BOL Cees,10,17,0,17379
KRUIJSWIJK Steven,10,18,0,17379
MAS Enric,10,19,0,17379
BARDET Romain,10,20,0,17379
QUINTANA Nairo,10,21,0,17379
BUCHMANN Emanuel,10,22,0,17379
YATES Adam,10,23,0,17379
KREUZIGER Roman,10,24,0,17379
MARTIN Dan,10,25,0,17379
BARGUIL Warren,10,26,0,17379
VALVERDE Alejandro,10,27,0,17379
CHEREL Mikaël,10,28,0,17379
TURGIS Anthony,10,29,10,17389
BYSTRØM Sven Erik,10,30,14,17393
ARNDT Nikias,10,31,18,17397
GALLOPIN Tony,10,32,22,17401
LAMPAERT Yves,10,33,29,17408
ASGREEN Kasper,10,34,29,17408
BURGHARDT Marcus,10,35,30,17409
LEDANOIS Kévin,10,36,37,17416
KRAGH ANDERSEN Søren,10,37,44,17423
KELDERMAN Wilco,10,38,46,17425
KÄMNA Lennard,10,39,61,17440
VAN BAARLE Dylan,10,40,64,17443
OSS Daniel,10,41,93,17472
ROWE Luke,10,42,93,17472
MOSCON Gianni,10,43,95,17474
MOLLEMA Bauke,10,44,100,17479
PINOT Thibaut,10,45,100,17479
MEURISSE Xandro,10,46,100,17479
BOASSON HAGEN Edvald,10,47,100,17479
URÁN Rigoberto,10,48,100,17479
PORTE Richie,10,49,100,17479
LUTSENKO Alexey,10,50,100,17479
FUGLSANG Jakob,10,51,100,17479
DE BUYST Jasper,10,52,100,17479
MOLARD Rudy,10,53,100,17479
REICHENBACH Sébastien,10,54,104,17483
LANDA Mikel,10,55,129,17508
HEPBURN Michael,10,56,129,17508
CICCONE Giulio,10,57,129,17508
ARU Fabio,10,58,129,17508
HENAO Sergio,10,59,129,17508
JANSEN Amund Grøndahl,10,60,129,17508
PASQUALON Andrea,10,61,129,17508
MARTIN Guillaume,10,62,129,17508
KING Ben,10,63,134,17513
ZAKARIN Ilnur,10,64,134,17513
JANSE VAN RENSBURG Reinardt,10,65,134,17513
GAUDU David,10,66,137,17516
ROUX Anthony,10,67,137,17516
FRANK Mathias,10,68,137,17516
FELLINE Fabio,10,69,137,17516
HAIG Jack,10,70,137,17516
KRISTOFF Alexander,10,71,139,17518
TEUNISSEN Mike,10,72,139,17518
DE PLUS Laurens,10,73,139,17518
KLUGE Roger,10,74,147,17526
AMADOR Andrey,10,75,147,17526
KEUKELEIRE Jens,10,76,147,17526
ERVITI Imanol,10,77,166,17545
KWIATKOWSKI Michał,10,78,211,17590
MÜHLBERGER Gregor,10,79,280,17659
NIBALI Vincenzo,10,80,304,17683
SOLER Marc,10,81,358,17737
OLIVEIRA Nelson,10,82,358,17737
BERNARD Julien,10,83,512,17891
SCHACHMANN Maximilian,10,84,525,17904
DE GENDT Thomas,10,85,581,17960
WELLENS Tim,10,86,581,17960
MONFORT Maxime,10,87,581,17960
BETTIOL Alberto,10,88,581,17960
POLITT Nils,10,89,581,17960
BERHANE Natnael,10,90,581,17960
LADAGNOUS Matthieu,10,91,581,17960
VUILLERMOZ Alexis,10,92,581,17960
BACKAERT Frederik,10,93,581,17960
CASTROVIEJO Jonathan,10,94,581,17960
EIKING Odd Christian,10,95,581,17960
SCHÄR Michael,10,96,581,17960
BENOOT Tiesj,10,97,581,17960
ROSSKOPF Joey,10,98,581,17960
SCULLY Tom,10,99,581,17960
BAK Lars Ytting,10,100,581,17960
WOODS Michael,10,101,581,17960
VAN MELSEN Kévin,10,102,581,17960
GARCÍA CORTINA Iván,10,103,581,17960
FRAILE Omar,10,104,581,17960
DE GENDT Aimé,10,105,581,17960
GROENEWEGEN Dylan,10,106,581,17960
GREIPEL André,10,107,581,17960
WIŚNIOWSKI Łukasz,10,108,581,17960
PÖSTLBERGER Lukas,10,109,581,17960
GONÇALVES José,10,110,581,17960
TAARAMÄE Rein,10,111,581,17960
OURSELIN Paul,10,112,581,17960
COSTA Rui,10,113,581,17960
TRATNIK Jan,10,114,581,17960
BILBAO Pello,10,115,581,17960
KANGERT Tanel,10,116,581,17960
YATES Simon,10,117,581,17960
SIMON Julien,10,118,581,17960
PÉRICHON Pierre-Luc,10,119,581,17960
PAUWELS Serge,10,120,581,17960
MØRKØV Michael,10,121,581,17960
LAENGEN Vegard Stake,10,122,581,17960
DEVENYNS Dries,10,123,581,17960
NIZZOLO Giacomo,10,124,581,17960
KÜNG Stefan,10,125,581,17960
IMPEY Daryl,10,126,581,17960
HAGA Chad,10,127,581,17960
CORT Magnus,10,128,581,17960
HOULE Hugo,10,129,581,17960
DE KORT Koen,10,130,581,17960
GRELLIER Fabien,10,131,581,17960
BENNETT George,10,132,581,17960
DURBRIDGE Luke,10,133,581,17960
CALMEJANE Lilian,10,134,581,17960
VACHON Florian,10,135,581,17960
MOINARD Amaël,10,136,581,17960
GESBERT Élie,10,137,581,17960
TEUNS Dylan,10,138,581,17960
ROCHE Nicolas,10,139,581,17960
CARUSO Damiano,10,140,581,17960
HERRADA Jesús,10,141,581,17960
BONIFAZIO Niccolò,10,142,581,17960
VERONA Carlos,10,143,581,17960
STUYVEN Jasper,10,144,581,17960
POELS Wout,10,145,581,17960
BOUET Maxime,10,146,581,17960
ROSSETTO Stéphane,10,147,581,17960
TERPSTRA Niki,10,148,581,17960
SÁNCHEZ Luis León,10,149,581,17960
IZAGIRRE Gorka,10,150,581,17960
GOUGEARD Alexis,10,151,581,17960
MOHORIČ Matej,10,152,581,17960
VALGREN Michael,10,153,581,17960
DOWSETT Alex,10,154,581,17960
GESCHKE Simon,10,155,581,17960
DELAPLACE Anthony,10,156,581,17960
COSNEFROY Benoît,10,157,581,17960
JUUL-JENSEN Christopher,10,158,581,17960
BONNET William,10,159,581,17960
DEBUSSCHERE Jens,10,160,581,17960
DENNIS Rohan,10,161,581,17960
CUMMINGS Steve,10,162,581,17960
PEREZ Anthony,10,163,581,17960
HALLER Marco,10,164,581,17960
MARTIN Tony,10,165,581,17960
SICARD Romain,10,166,581,17960
CLARKE Simon,10,167,581,17960
SKUJIŅŠ Toms,10,168,581,17960
LANGEVELD Sebastian,10,169,581,17960
OFFREDO Yoann,10,170,1262,18641
ZABEL Rick,10,171,1262,18641
IMPEY Daryl,9,1,0,14592
BENOOT Tiesj,9,2,0,14592
TRATNIK Jan,9,3,10,14602
NAESEN Oliver,9,4,10,14602
STUYVEN Jasper,9,5,10,14602
ROCHE Nicolas,9,6,14,14606
SOLER Marc,9,7,21,14613
GARCÍA CORTINA Iván,9,8,110,14702
CLARKE Simon,9,9,110,14702
DELAPLACE Anthony,9,10,162,14754
HERRADA Jesús,9,11,162,14754
SICARD Romain,9,12,166,14758
PÖSTLBERGER Lukas,9,13,326,14918
BOASSON HAGEN Edvald,9,14,444,15036
MARTIN Tony,9,15,444,15036
EIKING Odd Christian,9,16,985,15577
FRANK Mathias,9,17,985,15577
BERNARD Julien,9,18,985,15577
MOLLEMA Bauke,9,19,985,15577
MOLARD Rudy,9,20,985,15577
POLITT Nils,9,21,985,15577
MEURISSE Xandro,9,22,985,15577
BOUET Maxime,9,23,985,15577
BUCHMANN Emanuel,9,24,985,15577
GAUDU David,9,25,985,15577
MÜHLBERGER Gregor,9,26,985,15577
PORTE Richie,9,27,985,15577
VAN AVERMAET Greg,9,28,985,15577
MOINARD Amaël,9,29,985,15577
CICCONE Giulio,9,30,985,15577
KWIATKOWSKI Michał,9,31,985,15577
THOMAS Geraint,9,32,985,15577
POELS Wout,9,33,985,15577
MARTIN Guillaume,9,34,985,15577
ALAPHILIPPE Julian,9,35,985,15577
PINOT Thibaut,9,36,985,15577
YATES Adam,9,37,985,15577
YATES Simon,9,38,985,15577
REICHENBACH Sébastien,9,39,985,15577
HAIG Jack,9,40,985,15577
GALLOPIN Tony,9,41,985,15577
MOSCON Gianni,9,42,985,15577
BARGUIL Warren,9,43,985,15577
CHEREL Mikaël,9,44,985,15577
KONRAD Patrick,9,45,985,15577
URÁN Rigoberto,9,46,985,15577
WOODS Michael,9,47,985,15577
BERNAL Egan,9,48,985,15577
ZAKARIN Ilnur,9,49,985,15577
IZAGIRRE Gorka,9,50,985,15577
CASTROVIEJO Jonathan,9,51,985,15577
KREUZIGER Roman,9,52,985,15577
QUINTANA Nairo,9,53,985,15577
KANGERT Tanel,9,54,985,15577
TEUNS Dylan,9,55,985,15577
TAARAMÄE Rein,9,56,985,15577
TEUNISSEN Mike,9,57,985,15577
KRUIJSWIJK Steven,9,58,985,15577
FUGLSANG Jakob,9,59,985,15577
MARTIN Dan,9,60,985,15577
VALVERDE Alejandro,9,61,985,15577
MAS Enric,9,62,985,15577
LUTSENKO Alexey,9,63,985,15577
DE PLUS Laurens,9,64,985,15577
BENNETT George,9,65,985,15577
BARDET Romain,9,66,985,15577
COSNEFROY Benoît,9,67,985,15577
HENAO Sergio,9,68,985,15577
KELDERMAN Wilco,9,69,985,15577
AMADOR Andrey,9,70,985,15577
VUILLERMOZ Alexis,9,71,985,15577
ARU Fabio,9,72,985,15577
LANDA Mikel,9,73,985,15577
ROUX Anthony,9,74,1072,15664
SCHÄR Michael,9,75,1072,15664
BACKAERT Frederik,9,76,1072,15664
LADAGNOUS Matthieu,9,77,1143,15735
DE GENDT Thomas,9,78,1143,15735
HOULE Hugo,9,79,1143,15735
WELLENS Tim,9,80,1143,15735
CORT Magnus,9,81,1143,15735
PEREZ Anthony,9,82,1143,15735
DE KORT Koen,9,83,1143,15735
BERHANE Natnael,9,84,1143,15735
GONÇALVES José,9,85,1143,15735
PASQUALON Andrea,9,86,1143,15735
DE BUYST Jasper,9,87,1143,15735
VAN MELSEN Kévin,9,88,1143,15735
GESBERT Élie,9,89,1143,15735
VACHON Florian,9,90,1143,15735
BAK Lars Ytting,9,91,1143,15735
ASGREEN Kasper,9,92,1143,15735
WÜRTZ SCHMIDT Mads,9,93,1143,15735
HEPBURN Michael,9,94,1143,15735
BONNET William,9,95,1143,15735
KÜNG Stefan,9,96,1143,15735
GOUGEARD Alexis,9,97,1143,15735
PAUWELS Serge,9,98,1143,15735
VAN AERT Wout,9,99,1143,15735
COSTA Rui,9,100,1143,15735
COLBRELLI Sonny,9,101,1143,15735
CARUSO Damiano,9,102,1143,15735
SIMON Julien,9,103,1143,15735
OURSELIN Paul,9,104,1143,15735
GRELLIER Fabien,9,105,1143,15735
FRAILE Omar,9,106,1143,15735
LEDANOIS Kévin,9,107,1143,15735
CALMEJANE Lilian,9,108,1143,15735
DEVENYNS Dries,9,109,1143,15735
ROSSKOPF Joey,9,110,1143,15735
SKUJIŅŠ Toms,9,111,1143,15735
TURGIS Anthony,9,112,1143,15735
BILBAO Pello,9,113,1143,15735
SÁNCHEZ Luis León,9,114,1143,15735
NIBALI Vincenzo,9,115,1143,15735
FELLINE Fabio,9,116,1143,15735
BETTIOL Alberto,9,117,1143,15735
DEBUSSCHERE Jens,9,118,1143,15735
GREIPEL André,9,119,1143,15735
OLIVEIRA Nelson,9,120,1143,15735
ERVITI Imanol,9,121,1143,15735
PÉRICHON Pierre-Luc,9,122,1143,15735
ROSSETTO Stéphane,9,123,1143,15735
DENNIS Rohan,9,124,1143,15735
KRAGH ANDERSEN Søren,9,125,1143,15735
OSS Daniel,9,126,1143,15735
WIŚNIOWSKI Łukasz,9,127,1143,15735
LANGEVELD Sebastian,9,128,1143,15735
VAN BAARLE Dylan,9,129,1143,15735
TRENTIN Matteo,9,130,1143,15735
DOWSETT Alex,9,131,1143,15735
LAENGEN Vegard Stake,9,132,1143,15735
VIVIANI Elia,9,133,1143,15735
SCHACHMANN Maximilian,9,134,1143,15735
DE GENDT Aimé,9,135,1143,15735
KEUKELEIRE Jens,9,136,1143,15735
ARNDT Nikias,9,137,1282,15874
KÄMNA Lennard,9,138,1282,15874
PHILIPSEN Jasper,9,139,1282,15874
BYSTRØM Sven Erik,9,140,1282,15874
OFFREDO Yoann,9,141,1282,15874
KRISTOFF Alexander,9,142,1282,15874
GROENEWEGEN Dylan,9,143,1282,15874
JANSEN Amund Grøndahl,9,144,1282,15874
DURBRIDGE Luke,9,145,1282,15874
SCULLY Tom,9,146,1282,15874
NIZZOLO Giacomo,9,147,1282,15874
JUUL-JENSEN Christopher,9,148,1282,15874
VALGREN Michael,9,149,1282,15874
KING Ben,9,150,1282,15874
MATTHEWS Michael,9,151,1282,15874
JANSE VAN RENSBURG Reinardt,9,152,1282,15874
HAGA Chad,9,153,1282,15874
GESCHKE Simon,9,154,1282,15874
CUMMINGS Steve,9,155,1282,15874
ROWE Luke,9,156,1282,15874
MØRKØV Michael,9,157,1282,15874
LAMPAERT Yves,9,158,1282,15874
BONIFAZIO Niccolò,9,159,1282,15874
VERONA Carlos,9,160,1282,15874
BURGHARDT Marcus,9,161,1282,15874
MOHORIČ Matej,9,162,1282,15874
ZABEL Rick,9,163,1282,15874
HALLER Marco,9,164,1282,15874
BOL Cees,9,165,1282,15874
TERPSTRA Niki,9,166,1282,15874
RICHEZE Maximiliano,9,167,1282,15874
MONFORT Maxime,9,168,1282,15874
KLUGE Roger,9,169,1282,15874
EWAN Caleb,9,170,1282,15874
SAGAN Peter,9,171,1282,15874
DE GENDT Thomas,8,1,0,18017
PINOT Thibaut,8,2,6,18023
ALAPHILIPPE Julian,8,3,6,18023
MATTHEWS Michael,8,4,26,18043
SAGAN Peter,8,5,26,18043
TRENTIN Matteo,8,6,26,18043
MEURISSE Xandro,8,7,26,18043
VAN AVERMAET Greg,8,8,26,18043
BERNAL Egan,8,9,26,18043
THOMAS Geraint,8,10,26,18043
KONRAD Patrick,8,11,26,18043
LUTSENKO Alexey,8,12,26,18043
QUINTANA Nairo,8,13,26,18043
URÁN Rigoberto,8,14,26,18043
GAUDU David,8,15,26,18043
YATES Adam,8,16,26,18043
BARGUIL Warren,8,17,26,18043
BUCHMANN Emanuel,8,18,26,18043
MOLLEMA Bauke,8,19,26,18043
ARU Fabio,8,20,26,18043
FUGLSANG Jakob,8,21,26,18043
MAS Enric,8,22,26,18043
KRUIJSWIJK Steven,8,23,26,18043
CICCONE Giulio,8,24,26,18043
KREUZIGER Roman,8,25,26,18043
PORTE Richie,8,26,26,18043
LANDA Mikel,8,27,26,18043
BARDET Romain,8,28,26,18043
REICHENBACH Sébastien,8,29,26,18043
BENNETT George,8,30,26,18043
VALVERDE Alejandro,8,31,26,18043
MARTIN Dan,8,32,26,18043
HAIG Jack,8,33,26,18043
MARTIN Guillaume,8,34,26,18043
HENAO Sergio,8,35,26,18043
KÄMNA Lennard,8,36,32,18049
KRAGH ANDERSEN Søren,8,37,56,18073
ROCHE Nicolas,8,38,106,18123
HERRADA Jesús,8,39,158,18175
TAARAMÄE Rein,8,40,207,18224
SCHACHMANN Maximilian,8,41,222,18239
DE MARCHI Alessandro,8,42,251,18268
KWIATKOWSKI Michał,8,43,265,18282
BETTIOL Alberto,8,44,265,18282
NIBALI Vincenzo,8,45,265,18282
VUILLERMOZ Alexis,8,46,282,18299
ZAKARIN Ilnur,8,47,301,18318
FRANK Mathias,8,48,337,18354
GESCHKE Simon,8,49,337,18354
MOLARD Rudy,8,50,345,18362
BERNARD Julien,8,51,345,18362
BOUET Maxime,8,52,345,18362
KELDERMAN Wilco,8,53,345,18362
DE PLUS Laurens,8,54,345,18362
KANGERT Tanel,8,55,345,18362
IZAGIRRE Gorka,8,56,345,18362
PÉRICHON Pierre-Luc,8,57,482,18499
COSTA Rui,8,58,492,18509
CASTROVIEJO Jonathan,8,59,492,18509
AMADOR Andrey,8,60,492,18509
BILBAO Pello,8,61,492,18509
SOLER Marc,8,62,492,18509
POELS Wout,8,63,492,18509
MÜHLBERGER Gregor,8,64,492,18509
VAN BAARLE Dylan,8,65,586,18603
DURBRIDGE Luke,8,66,826,18843
GESBERT Élie,8,67,826,18843
JUUL-JENSEN Christopher,8,68,826,18843
WOODS Michael,8,69,862,18879
CLARKE Simon,8,70,862,18879
CHEREL Mikaël,8,71,862,18879
KING Ben,8,72,1017,19034
VAN AERT Wout,8,73,1017,19034
FRAILE Omar,8,74,1017,19034
KEUKELEIRE Jens,8,75,1033,19050
COLBRELLI Sonny,8,76,1033,19050
CARUSO Damiano,8,77,1033,19050
OLIVEIRA Nelson,8,78,1033,19050
MOINARD Amaël,8,79,1033,19050
DENNIS Rohan,8,80,1033,19050
SCHÄR Michael,8,81,1033,19050
SKUJIŅŠ Toms,8,82,1033,19050
YATES Simon,8,83,1033,19050
LADAGNOUS Matthieu,8,84,1183,19200
ROSSETTO Stéphane,8,85,1183,19200
POLITT Nils,8,86,1183,19200
WELLENS Tim,8,87,1183,19200
NAESEN Oliver,8,88,1183,19200
OSS Daniel,8,89,1183,19200
KÜNG Stefan,8,90,1183,19200
OURSELIN Paul,8,91,1183,19200
ROUX Anthony,8,92,1183,19200
DE BUYST Jasper,8,93,1183,19200
STUYVEN Jasper,8,94,1183,19200
PHILIPSEN Jasper,8,95,1183,19200
IMPEY Daryl,8,96,1183,19200
HOULE Hugo,8,97,1183,19200
TERPSTRA Niki,8,98,1183,19200
ROSSKOPF Joey,8,99,1183,19200
FELLINE Fabio,8,100,1183,19200
VACHON Florian,8,101,1183,19200
DELAPLACE Anthony,8,102,1183,19200
VALGREN Michael,8,103,1183,19200
SICARD Romain,8,104,1183,19200
LAENGEN Vegard Stake,8,105,1183,19200
PÖSTLBERGER Lukas,8,106,1183,19200
GALLOPIN Tony,8,107,1183,19200
VERONA Carlos,8,108,1183,19200
DEVENYNS Dries,8,109,1183,19200
LEDANOIS Kévin,8,110,1183,19200
SÁNCHEZ Luis León,8,111,1183,19200
CORT Magnus,8,112,1183,19200
TRATNIK Jan,8,113,1427,19444
GRELLIER Fabien,8,114,1427,19444
BENOOT Tiesj,8,115,1427,19444
PASQUALON Andrea,8,116,1427,19444
MOHORIČ Matej,8,117,1427,19444
PEREZ Anthony,8,118,1427,19444
CALMEJANE Lilian,8,119,1427,19444
PAUWELS Serge,8,120,1427,19444
BERHANE Natnael,8,121,1427,19444
WÜRTZ SCHMIDT Mads,8,122,1427,19444
ERVITI Imanol,8,123,1427,19444
BOASSON HAGEN Edvald,8,124,1427,19444
ROWE Luke,8,125,1427,19444
MONFORT Maxime,8,126,1427,19444
HALLER Marco,8,127,1427,19444
LANGEVELD Sebastian,8,128,1427,19444
EWAN Caleb,8,129,1427,19444
MOSCON Gianni,8,130,1435,19452
TEUNS Dylan,8,131,1592,19609
LAMPAERT Yves,8,132,1592,19609
WIŚNIOWSKI Łukasz,8,133,1592,19609
TURGIS Anthony,8,134,1592,19609
BONNET William,8,135,1592,19609
ZABEL Rick,8,136,1592,19609
BACKAERT Frederik,8,137,1592,19609
DOWSETT Alex,8,138,1592,19609
DE KORT Koen,8,139,1592,19609
BURGHARDT Marcus,8,140,1592,19609
VAN MELSEN Kévin,8,141,1592,19609
GREIPEL André,8,142,1592,19609
HEPBURN Michael,8,143,1592,19609
SCULLY Tom,8,144,1592,19609
JANSE VAN RENSBURG Reinardt,8,145,1592,19609
GARCÍA CORTINA Iván,8,146,1592,19609
ASGREEN Kasper,8,147,1592,19609
TEUNISSEN Mike,8,148,1592,19609
SIMON Julien,8,149,1592,19609
MARTIN Tony,8,150,1592,19609
EIKING Odd Christian,8,151,1592,19609
BYSTRØM Sven Erik,8,152,1592,19609
HAGA Chad,8,153,1592,19609
JANSEN Amund Grøndahl,8,154,1592,19609
GROENEWEGEN Dylan,8,155,1592,19609
BOL Cees,8,156,1592,19609
ARNDT Nikias,8,157,1592,19609
KLUGE Roger,8,158,1592,19609
BONIFAZIO Niccolò,8,159,1592,19609
RICHEZE Maximiliano,8,160,1592,19609
GONÇALVES José,8,161,1592,19609
NIZZOLO Giacomo,8,162,1592,19609
VIVIANI Elia,8,163,1592,19609
CUMMINGS Steve,8,164,1592,19609
KRISTOFF Alexander,8,165,1592,19609
MØRKØV Michael,8,166,1592,19609
DEBUSSCHERE Jens,8,167,1592,19609
DE GENDT Aimé,8,168,1592,19609
GOUGEARD Alexis,8,169,1592,19609
COSNEFROY Benoît,8,170,1592,19609
OFFREDO Yoann,8,171,1784,19801
BAK Lars Ytting,8,172,1784,19801
GROENEWEGEN Dylan,7,1,0,21764
EWAN Caleb,7,2,0,21764
SAGAN Peter,7,3,0,21764
COLBRELLI Sonny,7,4,0,21764
PHILIPSEN Jasper,7,5,0,21764
VIVIANI Elia,7,6,0,21764
NIZZOLO Giacomo,7,7,0,21764
STUYVEN Jasper,7,8,0,21764
MATTHEWS Michael,7,9,0,21764
KRISTOFF Alexander,7,10,0,21764
DE BUYST Jasper,7,11,0,21764
GREIPEL André,7,12,0,21764
PASQUALON Andrea,7,13,0,21764
WÜRTZ SCHMIDT Mads,7,14,0,21764
RICHEZE Maximiliano,7,15,0,21764
ZABEL Rick,7,16,0,21764
GARCÍA CORTINA Iván,7,17,0,21764
BONIFAZIO Niccolò,7,18,0,21764
TRATNIK Jan,7,19,0,21764
NAESEN Oliver,7,20,0,21764
QUINTANA Nairo,7,21,0,21764
ALAPHILIPPE Julian,7,22,0,21764
CICCONE Giulio,7,23,0,21764
BERNAL Egan,7,24,0,21764
THOMAS Geraint,7,25,0,21764
MØRKØV Michael,7,26,0,21764
WOODS Michael,7,27,0,21764
TEUNISSEN Mike,7,28,0,21764
PINOT Thibaut,7,29,0,21764
SKUJIŅŠ Toms,7,30,0,21764
BARDET Romain,7,31,0,21764
BENOOT Tiesj,7,32,0,21764
SCHACHMANN Maximilian,7,33,0,21764
NIBALI Vincenzo,7,34,0,21764
DEBUSSCHERE Jens,7,35,0,21764
BARGUIL Warren,7,36,0,21764
BETTIOL Alberto,7,37,0,21764
SCHÄR Michael,7,38,0,21764
FELLINE Fabio,7,39,0,21764
FUGLSANG Jakob,7,40,0,21764
URÁN Rigoberto,7,41,0,21764
CLARKE Simon,7,42,0,21764
HEPBURN Michael,7,43,0,21764
TRENTIN Matteo,7,44,0,21764
YATES Adam,7,45,0,21764
LANDA Mikel,7,46,0,21764
KONRAD Patrick,7,47,0,21764
HENAO Sergio,7,48,0,21764
PORTE Richie,7,49,0,21764
LUTSENKO Alexey,7,50,0,21764
BUCHMANN Emanuel,7,51,0,21764
KREUZIGER Roman,7,52,0,21764
MARTIN Dan,7,53,0,21764
MARTIN Guillaume,7,54,0,21764
HOULE Hugo,7,55,0,21764
VAN AVERMAET Greg,7,56,0,21764
DE KORT Koen,7,57,0,21764
KRUIJSWIJK Steven,7,58,0,21764
IZAGIRRE Gorka,7,59,0,21764
MAS Enric,7,60,0,21764
GAUDU David,7,61,0,21764
MEURISSE Xandro,7,62,0,21764
SÁNCHEZ Luis León,7,63,0,21764
VALVERDE Alejandro,7,64,0,21764
BENNETT George,7,65,0,21764
TEUNS Dylan,7,66,0,21764
ERVITI Imanol,7,67,0,21764
MOLLEMA Bauke,7,68,0,21764
IMPEY Daryl,7,69,0,21764
MOLARD Rudy,7,70,0,21764
TAARAMÄE Rein,7,71,0,21764
ARU Fabio,7,72,0,21764
KING Ben,7,73,0,21764
CHEREL Mikaël,7,74,0,21764
VUILLERMOZ Alexis,7,75,0,21764
LAENGEN Vegard Stake,7,76,0,21764
LAMPAERT Yves,7,77,0,21764
BOASSON HAGEN Edvald,7,78,0,21764
BOL Cees,7,79,0,21764
KLUGE Roger,7,80,0,21764
KEUKELEIRE Jens,7,81,0,21764
JANSE VAN RENSBURG Reinardt,7,82,0,21764
BOUET Maxime,7,83,0,21764
BACKAERT Frederik,7,84,0,21764
DE PLUS Laurens,7,85,25,21789
BYSTRØM Sven Erik,7,86,25,21789
LEDANOIS Kévin,7,87,25,21789
OSS Daniel,7,88,25,21789
ARNDT Nikias,7,89,25,21789
BERNARD Julien,7,90,29,21793
POLITT Nils,7,91,29,21793
BAK Lars Ytting,7,92,35,21799
COSTA Rui,7,93,42,21806
BONNET William,7,94,44,21808
JANSEN Amund Grøndahl,7,95,44,21808
OURSELIN Paul,7,96,44,21808
VALGREN Michael,7,97,44,21808
KRAGH ANDERSEN Søren,7,98,44,21808
MOHORIČ Matej,7,99,47,21811
VACHON Florian,7,100,48,21812
DELAPLACE Anthony,7,101,48,21812
ROWE Luke,7,102,48,21812
BURGHARDT Marcus,7,103,51,21815
KÜNG Stefan,7,104,56,21820
CALMEJANE Lilian,7,105,59,21823
HALLER Marco,7,106,59,21823
DOWSETT Alex,7,107,75,21839
ROSSKOPF Joey,7,108,79,21843
OLIVEIRA Nelson,7,109,82,21846
KÄMNA Lennard,7,110,87,21851
PÉRICHON Pierre-Luc,7,111,87,21851
GALLOPIN Tony,7,112,87,21851
MÜHLBERGER Gregor,7,113,87,21851
VAN AERT Wout,7,114,89,21853
DURBRIDGE Luke,7,115,95,21859
SCULLY Tom,7,116,95,21859
YATES Simon,7,117,116,21880
DE GENDT Aimé,7,118,131,21895
DEVENYNS Dries,7,119,140,21904
VAN BAARLE Dylan,7,120,142,21906
MOSCON Gianni,7,121,153,21917
JUUL-JENSEN Christopher,7,122,158,21922
GESBERT Élie,7,123,193,21957
SIMON Julien,7,124,193,21957
ASGREEN Kasper,7,125,193,21957
MOINARD Amaël,7,126,193,21957
DE GENDT Thomas,7,127,193,21957
WELLENS Tim,7,128,193,21957
GRELLIER Fabien,7,129,193,21957
CARUSO Damiano,7,130,193,21957
FRANK Mathias,7,131,193,21957
PAUWELS Serge,7,132,193,21957
WIŚNIOWSKI Łukasz,7,133,193,21957
VAN MELSEN Kévin,7,134,193,21957
ZAKARIN Ilnur,7,135,193,21957
HERRADA Jesús,7,136,193,21957
SICARD Romain,7,137,193,21957
EIKING Odd Christian,7,138,193,21957
KANGERT Tanel,7,139,193,21957
FRAILE Omar,7,140,193,21957
KELDERMAN Wilco,7,141,193,21957
BILBAO Pello,7,142,193,21957
GESCHKE Simon,7,143,193,21957
TURGIS Anthony,7,144,193,21957
LAPORTE Christophe,7,145,193,21957
MONFORT Maxime,7,146,193,21957
VERONA Carlos,7,147,193,21957
TERPSTRA Niki,7,148,193,21957
ROUX Anthony,7,149,193,21957
BERHANE Natnael,7,150,193,21957
CUMMINGS Steve,7,151,193,21957
HAIG Jack,7,152,193,21957
CORT Magnus,7,153,193,21957
CASTROVIEJO Jonathan,7,154,193,21957
LANGEVELD Sebastian,7,155,193,21957
REICHENBACH Sébastien,7,156,193,21957
LADAGNOUS Matthieu,7,157,193,21957
VAN GARDEREN Tejay,7,158,193,21957
POELS Wout,7,159,193,21957
MARTIN Tony,7,160,193,21957
HAGA Chad,7,161,193,21957
GOUGEARD Alexis,7,162,193,21957
COSNEFROY Benoît,7,163,193,21957
AMADOR Andrey,7,164,193,21957
SOLER Marc,7,165,193,21957
PEREZ Anthony,7,166,193,21957
DE MARCHI Alessandro,7,167,193,21957
ROSSETTO Stéphane,7,168,253,22017
KWIATKOWSKI Michał,7,169,253,22017
GONÇALVES José,7,170,253,22017
PÖSTLBERGER Lukas,7,171,265,22029
DENNIS Rohan,7,172,265,22029
ROCHE Nicolas,7,173,265,22029
OFFREDO Yoann,7,174,265,22029
TEUNS Dylan,6,1,0,16143
CICCONE Giulio,6,2,11,16154
MEURISSE Xandro,6,3,65,16208
THOMAS Geraint,6,4,104,16247
PINOT Thibaut,6,5,106,16249
ALAPHILIPPE Julian,6,6,106,16249
QUINTANA Nairo,6,7,111,16254
BUCHMANN Emanuel,6,8,111,16254
FUGLSANG Jakob,6,9,113,16256
LANDA Mikel,6,10,113,16256
PORTE Richie,6,11,113,16256
BERNAL Egan,6,12,113,16256
YATES Adam,6,13,118,16261
MARTIN Dan,6,14,118,16261
URÁN Rigoberto,6,15,122,16265
WOODS Michael,6,16,122,16265
BENNETT George,6,17,122,16265
MAS Enric,6,18,137,16280
MOLLEMA Bauke,6,19,139,16282
KRUIJSWIJK Steven,6,20,139,16282
BARGUIL Warren,6,21,147,16290
NIBALI Vincenzo,6,22,155,16298
GAUDU David,6,23,155,16298
MARTIN Guillaume,6,24,164,16307
ARU Fabio,6,25,166,16309
KONRAD Patrick,6,26,172,16315
BARDET Romain,6,27,173,16316
LUTSENKO Alexey,6,28,185,16328
VALVERDE Alejandro,6,29,185,16328
WELLENS Tim,6,30,198,16341
KREUZIGER Roman,6,31,206,16349
REICHENBACH Sébastien,6,32,310,16453
BERHANE Natnael,6,33,320,16463
PAUWELS Serge,6,34,344,16487
MOLARD Rudy,6,35,368,16511
DE GENDT Thomas,6,36,396,16539
CHEREL Mikaël,6,37,404,16547
VUILLERMOZ Alexis,6,38,443,16586
VAN GARDEREN Tejay,6,39,480,16623
BERNARD Julien,6,40,517,16660
GRELLIER Fabien,6,41,549,16692
TAARAMÄE Rein,6,42,576,16719
PASQUALON Andrea,6,43,614,16757
GESBERT Élie,6,44,633,16776
HENAO Sergio,6,45,646,16789
HAIG Jack,6,46,672,16815
YATES Simon,6,47,672,16815
VAN BAARLE Dylan,6,48,702,16845
KWIATKOWSKI Michał,6,49,740,16883
SOLER Marc,6,50,793,16936
IZAGIRRE Gorka,6,51,808,16951
CASTROVIEJO Jonathan,6,52,808,16951
POLITT Nils,6,53,820,16963
CARUSO Damiano,6,54,823,16966
DENNIS Rohan,6,55,825,16968
DE PLUS Laurens,6,56,825,16968
ARNDT Nikias,6,57,834,16977
WÜRTZ SCHMIDT Mads,6,58,878,17021
VAN AERT Wout,6,59,886,17029
STUYVEN Jasper,6,60,886,17029
CLARKE Simon,6,61,891,17034
SKUJIŅŠ Toms,6,62,891,17034
LEDANOIS Kévin,6,63,891,17034
COSTA Rui,6,64,891,17034
FRANK Mathias,6,65,891,17034
VAN AVERMAET Greg,6,66,891,17034
TRATNIK Jan,6,67,891,17034
KRAGH ANDERSEN Søren,6,68,895,17038
FRAILE Omar,6,69,895,17038
SÁNCHEZ Luis León,6,70,895,17038
FELLINE Fabio,6,71,916,17059
COSNEFROY Benoît,6,72,916,17059
SCHACHMANN Maximilian,6,73,930,17073
MÜHLBERGER Gregor,6,74,930,17073
BETTIOL Alberto,6,75,950,17093
KANGERT Tanel,6,76,1059,17202
ROSSETTO Stéphane,6,77,1066,17209
BOASSON HAGEN Edvald,6,78,1066,17209
ROCHE Nicolas,6,79,1066,17209
VALGREN Michael,6,80,1066,17209
BOUET Maxime,6,81,1066,17209
KING Ben,6,82,1066,17209
IMPEY Daryl,6,83,1107,17250
KELDERMAN Wilco,6,84,1114,17257
KÜNG Stefan,6,85,1114,17257
HERRADA Jesús,6,86,1117,17260
KEUKELEIRE Jens,6,87,1117,17260
DURBRIDGE Luke,6,88,1119,17262
ZAKARIN Ilnur,6,89,1123,17266
HOULE Hugo,6,90,1144,17287
ROUX Anthony,6,91,1156,17299
ROWE Luke,6,92,1168,17311
POELS Wout,6,93,1168,17311
MONFORT Maxime,6,94,1202,17345
OLIVEIRA Nelson,6,95,1202,17345
BACKAERT Frederik,6,96,1202,17345
GARCÍA CORTINA Iván,6,97,1202,17345
BENOOT Tiesj,6,98,1202,17345
ERVITI Imanol,6,99,1202,17345
DE BUYST Jasper,6,100,1202,17345
AMADOR Andrey,6,101,1202,17345
DE KORT Koen,6,102,1202,17345
NAESEN Oliver,6,103,1202,17345
BONNET William,6,104,1202,17345
VERONA Carlos,6,105,1202,17345
OURSELIN Paul,6,106,1202,17345
CALMEJANE Lilian,6,107,1202,17345
MATTHEWS Michael,6,108,1202,17345
DELAPLACE Anthony,6,109,1202,17345
COLBRELLI Sonny,6,110,1202,17345
LADAGNOUS Matthieu,6,111,1202,17345
SICARD Romain,6,112,1202,17345
MOHORIČ Matej,6,113,1202,17345
VAN MELSEN Kévin,6,114,1202,17345
ROSSKOPF Joey,6,115,1202,17345
BILBAO Pello,6,116,1202,17345
SCHÄR Michael,6,117,1202,17345
MOINARD Amaël,6,118,1202,17345
PÖSTLBERGER Lukas,6,119,1202,17345
TURGIS Anthony,6,120,1215,17358
EWAN Caleb,6,121,1217,17360
GESCHKE Simon,6,122,1220,17363
TRENTIN Matteo,6,123,1220,17363
MOSCON Gianni,6,124,1225,17368
BYSTRØM Sven Erik,6,125,1228,17371
JANSE VAN RENSBURG Reinardt,6,126,1228,17371
ZABEL Rick,6,127,1228,17371
SAGAN Peter,6,128,1238,17381
BURGHARDT Marcus,6,129,1238,17381
OSS Daniel,6,130,1238,17381
PHILIPSEN Jasper,6,131,1238,17381
HAGA Chad,6,132,1238,17381
LAENGEN Vegard Stake,6,133,1238,17381
GONÇALVES José,6,134,1238,17381
GOUGEARD Alexis,6,135,1238,17381
VACHON Florian,6,136,1238,17381
GALLOPIN Tony,6,137,1238,17381
JUUL-JENSEN Christopher,6,138,1243,17386
DOWSETT Alex,6,139,1250,17393
GREIPEL André,6,140,1254,17397
SCULLY Tom,6,141,1254,17397
DEVENYNS Dries,6,142,1283,17426
KÄMNA Lennard,6,143,1335,17478
EIKING Odd Christian,6,144,1335,17478
HALLER Marco,6,145,1356,17499
MARTIN Tony,6,146,1368,17511
OFFREDO Yoann,6,147,1370,17513
HEPBURN Michael,6,148,1370,17513
TEUNISSEN Mike,6,149,1370,17513
WIŚNIOWSKI Łukasz,6,150,1370,17513
LANGEVELD Sebastian,6,151,1370,17513
BAK Lars Ytting,6,152,1370,17513
TERPSTRA Niki,6,153,1377,17520
LAMPAERT Yves,6,154,1378,17521
DE GENDT Aimé,6,155,1378,17521
CUMMINGS Steve,6,156,1378,17521
PÉRICHON Pierre-Luc,6,157,1378,17521
SIMON Julien,6,158,1388,17531
JANSEN Amund Grøndahl,6,159,1398,17541
DE MARCHI Alessandro,6,160,1405,17548
ASGREEN Kasper,6,161,1407,17550
GROENEWEGEN Dylan,6,162,1415,17558
NIZZOLO Giacomo,6,163,1419,17562
KLUGE Roger,6,164,1419,17562
MØRKØV Michael,6,165,1419,17562
VIVIANI Elia,6,166,1422,17565
BOL Cees,6,167,1438,17581
CORT Magnus,6,168,1450,17593
DEBUSSCHERE Jens,6,169,1455,17598
KRISTOFF Alexander,6,170,1460,17603
RICHEZE Maximiliano,6,171,1521,17664
BONIFAZIO Niccolò,6,172,1521,17664
LAPORTE Christophe,6,173,1778,17921
PEREZ Anthony,6,174,1782,17925
SAGAN Peter,5,1,0,14553
VAN AERT Wout,5,2,0,14553
TRENTIN Matteo,5,3,0,14553
COLBRELLI Sonny,5,4,0,14553
VAN AVERMAET Greg,5,5,0,14553
SIMON Julien,5,6,0,14553
MATTHEWS Michael,5,7,0,14553
POLITT Nils,5,8,0,14553
STUYVEN Jasper,5,9,0,14553
ALAPHILIPPE Julian,5,10,0,14553
MEURISSE Xandro,5,11,0,14553
BOASSON HAGEN Edvald,5,12,0,14553
BETTIOL Alberto,5,13,0,14553
MARTIN Guillaume,5,14,0,14553
LUTSENKO Alexey,5,15,0,14553
FRAILE Omar,5,16,0,14553
FELLINE Fabio,5,17,0,14553
GAUDU David,5,18,0,14553
BARGUIL Warren,5,19,0,14553
IMPEY Daryl,5,20,0,14553
DE PLUS Laurens,5,21,0,14553
KWIATKOWSKI Michał,5,22,0,14553
BENOOT Tiesj,5,23,0,14553
THOMAS Geraint,5,24,0,14553
BARDET Romain,5,25,0,14553
NIBALI Vincenzo,5,26,0,14553
KONRAD Patrick,5,27,0,14553
BILBAO Pello,5,28,0,14553
CICCONE Giulio,5,29,0,14553
ROSSKOPF Joey,5,30,0,14553
BERNARD Julien,5,31,0,14553
VALGREN Michael,5,32,0,14553
FUGLSANG Jakob,5,33,0,14553
KRUIJSWIJK Steven,5,34,0,14553
BUCHMANN Emanuel,5,35,0,14553
CHEREL Mikaël,5,36,0,14553
MOLLEMA Bauke,5,37,0,14553
SÁNCHEZ Luis León,5,38,0,14553
PORTE Richie,5,39,0,14553
VUILLERMOZ Alexis,5,40,0,14553
PINOT Thibaut,5,41,0,14553
KANGERT Tanel,5,42,0,14553
DEVENYNS Dries,5,43,0,14553
MOSCON Gianni,5,44,0,14553
BERNAL Egan,5,45,0,14553
SCHACHMANN Maximilian,5,46,0,14553
EDET Nicolas,5,47,0,14553
REICHENBACH Sébastien,5,48,0,14553
AMADOR Andrey,5,49,0,14553
KREUZIGER Roman,5,50,0,14553
QUINTANA Nairo,5,51,0,14553
YATES Adam,5,52,0,14553
MAS Enric,5,53,0,14553
TEUNS Dylan,5,54,0,14553
FRANK Mathias,5,55,0,14553
VALVERDE Alejandro,5,56,0,14553
BENNETT George,5,57,0,14553
LANDA Mikel,5,58,0,14553
WOODS Michael,5,59,0,14553
TAARAMÄE Rein,5,60,0,14553
URÁN Rigoberto,5,61,0,14553
HENAO Sergio,5,62,0,14553
DE MARCHI Alessandro,5,63,0,14553
VAN GARDEREN Tejay,5,64,0,14553
ARU Fabio,5,65,0,14553
MARTIN Dan,5,66,0,14553
IZAGIRRE Gorka,5,67,0,14553
SOLER Marc,5,68,0,14553
HAIG Jack,5,69,0,14553
MOLARD Rudy,5,70,0,14553
POELS Wout,5,71,0,14553
GESCHKE Simon,5,72,0,14553
KELDERMAN Wilco,5,73,0,14553
SICARD Romain,5,74,0,14553
HERRADA Jesús,5,75,0,14553
COSTA Rui,5,76,0,14553
ROCHE Nicolas,5,77,0,14553
MOHORIČ Matej,5,78,17,14570
CASTROVIEJO Jonathan,5,79,51,14604
MÜHLBERGER Gregor,5,80,104,14657
KÄMNA Lennard,5,81,126,14679
BOUET Maxime,5,82,385,14938
CALMEJANE Lilian,5,83,461,15014
ZAKARIN Ilnur,5,84,461,15014
SKUJIŅŠ Toms,5,85,461,15014
DE GENDT Thomas,5,86,496,15049
EIKING Odd Christian,5,87,496,15049
PÉRICHON Pierre-Luc,5,88,496,15049
OURSELIN Paul,5,89,496,15049
NAESEN Oliver,5,90,496,15049
PAUWELS Serge,5,91,496,15049
KING Ben,5,92,496,15049
TRATNIK Jan,5,93,496,15049
GONÇALVES José,5,94,496,15049
SCHÄR Michael,5,95,496,15049
WIŚNIOWSKI Łukasz,5,96,496,15049
DE BUYST Jasper,5,97,496,15049
WELLENS Tim,5,98,496,15049
ROUX Anthony,5,99,496,15049
GALLOPIN Tony,5,100,496,15049
GARCÍA CORTINA Iván,5,101,496,15049
OLIVEIRA Nelson,5,102,496,15049
KEUKELEIRE Jens,5,103,496,15049
DURBRIDGE Luke,5,104,496,15049
DENNIS Rohan,5,105,496,15049
CARUSO Damiano,5,106,496,15049
COSNEFROY Benoît,5,107,496,15049
GESBERT Élie,5,108,496,15049
MOINARD Amaël,5,109,496,15049
WÜRTZ SCHMIDT Mads,5,110,496,15049
LAMPAERT Yves,5,111,496,15049
KRAGH ANDERSEN Søren,5,112,664,15217
KÜNG Stefan,5,113,775,15328
ASGREEN Kasper,5,114,775,15328
ROSSETTO Stéphane,5,115,775,15328
PEREZ Anthony,5,116,775,15328
CLARKE Simon,5,117,828,15381
ARNDT Nikias,5,118,828,15381
PÖSTLBERGER Lukas,5,119,828,15381
BYSTRØM Sven Erik,5,120,888,15441
HOULE Hugo,5,121,888,15441
LADAGNOUS Matthieu,5,122,888,15441
VAN BAARLE Dylan,5,123,888,15441
DE KORT Koen,5,124,888,15441
GOUGEARD Alexis,5,125,888,15441
MARTIN Tony,5,126,888,15441
ERVITI Imanol,5,127,888,15441
JANSE VAN RENSBURG Reinardt,5,128,888,15441
DELAPLACE Anthony,5,129,888,15441
TURGIS Anthony,5,130,888,15441
BONIFAZIO Niccolò,5,131,888,15441
OSS Daniel,5,132,888,15441
LEDANOIS Kévin,5,133,888,15441
JUUL-JENSEN Christopher,5,134,888,15441
YATES Simon,5,135,888,15441
DE GENDT Aimé,5,136,892,15445
HEPBURN Michael,5,137,1018,15571
SCULLY Tom,5,138,1018,15571
BACKAERT Frederik,5,139,1018,15571
VERONA Carlos,5,140,1018,15571
BERHANE Natnael,5,141,1018,15571
BAK Lars Ytting,5,142,1018,15571
BONNET William,5,143,1018,15571
VAN MELSEN Kévin,5,144,1018,15571
PASQUALON Andrea,5,145,1018,15571
LAPORTE Christophe,5,146,1018,15571
DOWSETT Alex,5,147,1018,15571
HAGA Chad,5,148,1018,15571
BEVIN Patrick,5,149,1018,15571
GRELLIER Fabien,5,150,1018,15571
VACHON Florian,5,151,1018,15571
HALLER Marco,5,152,1018,15571
LANGEVELD Sebastian,5,153,1018,15571
ROWE Luke,5,154,1018,15571
EWAN Caleb,5,155,1018,15571
MONFORT Maxime,5,156,1018,15571
GREIPEL André,5,157,1117,15670
KRISTOFF Alexander,5,158,1117,15670
ZABEL Rick,5,159,1117,15670
JANSEN Amund Grøndahl,5,160,1117,15670
MØRKØV Michael,5,161,1117,15670
DEBUSSCHERE Jens,5,162,1117,15670
LAENGEN Vegard Stake,5,163,1117,15670
OFFREDO Yoann,5,164,1117,15670
NIZZOLO Giacomo,5,165,1117,15670
BURGHARDT Marcus,5,166,1117,15670
CORT Magnus,5,167,1117,15670
TEUNISSEN Mike,5,168,1117,15670
TERPSTRA Niki,5,169,1117,15670
GROENEWEGEN Dylan,5,170,1117,15670
PHILIPSEN Jasper,5,171,1117,15670
KLUGE Roger,5,172,1117,15670
RICHEZE Maximiliano,5,173,1117,15670
VIVIANI Elia,5,174,1117,15670
CUMMINGS Steve,5,175,1117,15670
BOL Cees,5,176,1117,15670
VIVIANI Elia,4,1,0,18560
KRISTOFF Alexander,4,2,0,18560
EWAN Caleb,4,3,0,18560
SAGAN Peter,4,4,0,18560
GROENEWEGEN Dylan,4,5,0,18560
TEUNISSEN Mike,4,6,0,18560
NIZZOLO Giacomo,4,7,0,18560
STUYVEN Jasper,4,8,0,18560
MATTHEWS Michael,4,9,0,18560
LAPORTE Christophe,4,10,0,18560
TRENTIN Matteo,4,11,0,18560
GREIPEL André,4,12,0,18560
BONIFAZIO Niccolò,4,13,0,18560
MOHORIČ Matej,4,14,0,18560
GARCÍA CORTINA Iván,4,15,0,18560
PASQUALON Andrea,4,16,0,18560
ZABEL Rick,4,17,0,18560
COLBRELLI Sonny,4,18,0,18560
RICHEZE Maximiliano,4,19,0,18560
MARTIN Guillaume,4,20,0,18560
JANSEN Amund Grøndahl,4,21,0,18560
BETTIOL Alberto,4,22,0,18560
BERNAL Egan,4,23,0,18560
NIBALI Vincenzo,4,24,0,18560
PHILIPSEN Jasper,4,25,0,18560
QUINTANA Nairo,4,26,0,18560
URÁN Rigoberto,4,27,0,18560
YATES Adam,4,28,0,18560
KLUGE Roger,4,29,0,18560
NAESEN Oliver,4,30,0,18560
POLITT Nils,4,31,0,18560
CLARKE Simon,4,32,0,18560
VAN AVERMAET Greg,4,33,0,18560
SIMON Julien,4,34,0,18560
VAN AERT Wout,4,35,0,18560
SOLER Marc,4,36,0,18560
KREUZIGER Roman,4,37,0,18560
AMADOR Andrey,4,38,0,18560
FUGLSANG Jakob,4,39,0,18560
LUTSENKO Alexey,4,40,0,18560
MØRKØV Michael,4,41,0,18560
KRUIJSWIJK Steven,4,42,0,18560
KONRAD Patrick,4,43,0,18560
SKUJIŅŠ Toms,4,44,0,18560
BURGHARDT Marcus,4,45,0,18560
VAN GARDEREN Tejay,4,46,0,18560
KÜNG Stefan,4,47,0,18560
MÜHLBERGER Gregor,4,48,0,18560
BARDET Romain,4,49,0,18560
BEVIN Patrick,4,50,0,18560
BUCHMANN Emanuel,4,51,0,18560
BONNET William,4,52,0,18560
PINOT Thibaut,4,53,0,18560
THOMAS Geraint,4,54,0,18560
GAUDU David,4,55,0,18560
ALAPHILIPPE Julian,4,56,0,18560
LANDA Mikel,4,57,0,18560
GRELLIER Fabien,4,58,0,18560
ROUX Anthony,4,59,0,18560
DURBRIDGE Luke,4,60,0,18560
BARGUIL Warren,4,61,0,18560
IMPEY Daryl,4,62,0,18560
HENAO Sergio,4,63,0,18560
WOODS Michael,4,64,0,18560
DE KORT Koen,4,65,0,18560
VACHON Florian,4,66,0,18560
BENNETT George,4,67,0,18560
MOLLEMA Bauke,4,68,0,18560
PORTE Richie,4,69,0,18560
COSTA Rui,4,70,0,18560
BERNARD Julien,4,71,0,18560
MARTIN Dan,4,72,0,18560
VALVERDE Alejandro,4,73,0,18560
MAS Enric,4,74,0,18560
MOLARD Rudy,4,75,0,18560
GONÇALVES José,4,76,0,18560
KANGERT Tanel,4,77,0,18560
KELDERMAN Wilco,4,78,0,18560
DE BUYST Jasper,4,79,0,18560
TAARAMÄE Rein,4,80,0,18560
ERVITI Imanol,4,81,0,18560
BILBAO Pello,4,82,0,18560
BOUET Maxime,4,83,0,18560
MEURISSE Xandro,4,84,0,18560
BOASSON HAGEN Edvald,4,85,0,18560
SÁNCHEZ Luis León,4,86,0,18560
BENOOT Tiesj,4,87,0,18560
CICCONE Giulio,4,88,0,18560
EDET Nicolas,4,89,0,18560
FELLINE Fabio,4,90,0,18560
SICARD Romain,4,91,0,18560
ARU Fabio,4,92,0,18560
ROCHE Nicolas,4,93,0,18560
DE GENDT Aimé,4,94,0,18560
TEUNS Dylan,4,95,0,18560
VALGREN Michael,4,96,0,18560
OURSELIN Paul,4,97,0,18560
EIKING Odd Christian,4,98,0,18560
DELAPLACE Anthony,4,99,0,18560
TURGIS Anthony,4,100,0,18560
HERRADA Jesús,4,101,0,18560
MOSCON Gianni,4,102,0,18560
DE PLUS Laurens,4,103,0,18560
PAUWELS Serge,4,104,0,18560
BAK Lars Ytting,4,105,0,18560
WIŚNIOWSKI Łukasz,4,106,0,18560
GESCHKE Simon,4,107,0,18560
OLIVEIRA Nelson,4,108,0,18560
BOL Cees,4,109,0,18560
TRATNIK Jan,4,110,0,18560
PEREZ Anthony,4,111,0,18560
GESBERT Élie,4,112,27,18587
KING Ben,4,113,33,18593
LEDANOIS Kévin,4,114,33,18593
DEBUSSCHERE Jens,4,115,36,18596
PÉRICHON Pierre-Luc,4,116,46,18606
VAN MELSEN Kévin,4,117,46,18606
POELS Wout,4,118,46,18606
HEPBURN Michael,4,119,46,18606
VUILLERMOZ Alexis,4,120,46,18606
HAIG Jack,4,121,46,18606
KEUKELEIRE Jens,4,122,46,18606
ARNDT Nikias,4,123,46,18606
MOINARD Amaël,4,124,46,18606
OSS Daniel,4,125,46,18606
HOULE Hugo,4,126,46,18606
FRANK Mathias,4,127,46,18606
IZAGIRRE Gorka,4,128,46,18606
ZAKARIN Ilnur,4,129,46,18606
JANSE VAN RENSBURG Reinardt,4,130,46,18606
CASTROVIEJO Jonathan,4,131,46,18606
GOUGEARD Alexis,4,132,77,18637
ROSSETTO Stéphane,4,133,77,18637
DEVENYNS Dries,4,134,77,18637
ROWE Luke,4,135,77,18637
VAN BAARLE Dylan,4,136,77,18637
LANGEVELD Sebastian,4,137,77,18637
LAENGEN Vegard Stake,4,138,84,18644
BYSTRØM Sven Erik,4,139,84,18644
DE GENDT Thomas,4,140,88,18648
WÜRTZ SCHMIDT Mads,4,141,88,18648
HALLER Marco,4,142,92,18652
CHEREL Mikaël,4,143,96,18656
ASGREEN Kasper,4,144,105,18665
KRAGH ANDERSEN Søren,4,145,105,18665
BERHANE Natnael,4,146,105,18665
FRAILE Omar,4,147,105,18665
CARUSO Damiano,4,148,105,18665
REICHENBACH Sébastien,4,149,105,18665
YATES Simon,4,150,105,18665
CORT Magnus,4,151,105,18665
COSNEFROY Benoît,4,152,105,18665
KÄMNA Lennard,4,153,105,18665
CUMMINGS Steve,4,154,105,18665
DENNIS Rohan,4,155,105,18665
ROSSKOPF Joey,4,156,105,18665
TERPSTRA Niki,4,157,105,18665
SCHACHMANN Maximilian,4,158,112,18672
CALMEJANE Lilian,4,159,128,18688
MONFORT Maxime,4,160,130,18690
VERONA Carlos,4,161,142,18702
KWIATKOWSKI Michał,4,162,151,18711
JUUL-JENSEN Christopher,4,163,160,18720
DOWSETT Alex,4,164,174,18734
DE MARCHI Alessandro,4,165,189,18749
WELLENS Tim,4,166,377,18937
LAMPAERT Yves,4,167,377,18937
LADAGNOUS Matthieu,4,168,377,18937
SCULLY Tom,4,169,377,18937
PÖSTLBERGER Lukas,4,170,377,18937
HAGA Chad,4,171,377,18937
GALLOPIN Tony,4,172,377,18937
SCHÄR Michael,4,173,377,18937
BACKAERT Frederik,4,174,530,19090
MARTIN Tony,4,175,530,19090
OFFREDO Yoann,4,176,536,19096
ALAPHILIPPE Julian,3,1,0,16829
MATTHEWS Michael,3,2,26,16855
STUYVEN Jasper,3,3,26,16855
VAN AVERMAET Greg,3,4,26,16855
SAGAN Peter,3,5,26,16855
TRENTIN Matteo,3,6,26,16855
COLBRELLI Sonny,3,7,26,16855
MEURISSE Xandro,3,8,26,16855
VAN AERT Wout,3,9,26,16855
PINOT Thibaut,3,10,26,16855
BENOOT Tiesj,3,11,26,16855
BERNAL Egan,3,12,26,16855
THOMAS Geraint,3,13,31,16860
FUGLSANG Jakob,3,14,31,16860
MARTIN Guillaume,3,15,31,16860
BARDET Romain,3,16,31,16860
KRUIJSWIJK Steven,3,17,31,16860
LUTSENKO Alexey,3,18,31,16860
MOLARD Rudy,3,19,31,16860
WOODS Michael,3,20,31,16860
URÁN Rigoberto,3,21,31,16860
CICCONE Giulio,3,22,31,16860
NIBALI Vincenzo,3,23,31,16860
KONRAD Patrick,3,24,31,16860
YATES Adam,3,25,31,16860
BOASSON HAGEN Edvald,3,26,31,16860
KELDERMAN Wilco,3,27,31,16860
BUCHMANN Emanuel,3,28,31,16860
LANDA Mikel,3,29,31,16860
VALVERDE Alejandro,3,30,31,16860
MARTIN Dan,3,31,31,16860
KREUZIGER Roman,3,32,31,16860
BARGUIL Warren,3,33,31,16860
MOLLEMA Bauke,3,34,31,16860
QUINTANA Nairo,3,35,31,16860
FELLINE Fabio,3,36,31,16860
PORTE Richie,3,37,31,16860
MAS Enric,3,38,31,16860
SCHACHMANN Maximilian,3,39,31,16860
GAUDU David,3,40,31,16860
COSTA Rui,3,41,31,16860
HAIG Jack,3,42,31,16860
VAN GARDEREN Tejay,3,43,31,16860
ROCHE Nicolas,3,44,31,16860
HERRADA Jesús,3,45,31,16860
EDET Nicolas,3,46,31,16860
TAARAMÄE Rein,3,47,31,16860
VUILLERMOZ Alexis,3,48,31,16860
MÜHLBERGER Gregor,3,49,31,16860
SÁNCHEZ Luis León,3,50,31,16860
SOLER Marc,3,51,31,16860
BENNETT George,3,52,31,16860
BILBAO Pello,3,53,31,16860
IMPEY Daryl,3,54,31,16860
REICHENBACH Sébastien,3,55,45,16874
AMADOR Andrey,3,56,49,16878
DE MARCHI Alessandro,3,57,61,16890
VALGREN Michael,3,58,64,16893
FRANK Mathias,3,59,73,16902
KWIATKOWSKI Michał,3,60,73,16902
ARU Fabio,3,61,82,16911
POELS Wout,3,62,104,16933
TEUNS Dylan,3,63,104,16933
CHEREL Mikaël,3,64,104,16933
MOSCON Gianni,3,65,139,16968
GESCHKE Simon,3,66,139,16968
CLARKE Simon,3,67,198,17027
CASTROVIEJO Jonathan,3,68,212,17041
ROSSKOPF Joey,3,69,222,17051
POLITT Nils,3,70,231,17060
ZAKARIN Ilnur,3,71,231,17060
TRATNIK Jan,3,72,231,17060
KANGERT Tanel,3,73,231,17060
BERHANE Natnael,3,74,231,17060
PASQUALON Andrea,3,75,231,17060
BERNARD Julien,3,76,231,17060
DE PLUS Laurens,3,77,249,17078
KÄMNA Lennard,3,78,294,17123
SIMON Julien,3,79,294,17123
TEUNISSEN Mike,3,80,294,17123
YATES Simon,3,81,383,17212
DEVENYNS Dries,3,82,508,17337
FRAILE Omar,3,83,508,17337
HOULE Hugo,3,84,515,17344
KÜNG Stefan,3,85,515,17344
GALLOPIN Tony,3,86,515,17344
MONFORT Maxime,3,87,515,17344
GESBERT Élie,3,88,515,17344
DENNIS Rohan,3,89,515,17344
HENAO Sergio,3,90,522,17351
KRAGH ANDERSEN Søren,3,91,523,17352
MOHORIČ Matej,3,92,523,17352
DE GENDT Thomas,3,93,566,17395
EIKING Odd Christian,3,94,566,17395
WÜRTZ SCHMIDT Mads,3,95,566,17395
BOUET Maxime,3,96,566,17395
OLIVEIRA Nelson,3,97,566,17395
BAK Lars Ytting,3,98,566,17395
ROUX Anthony,3,99,566,17395
CALMEJANE Lilian,3,100,566,17395
SICARD Romain,3,101,566,17395
ARNDT Nikias,3,102,566,17395
WELLENS Tim,3,103,572,17401
KEUKELEIRE Jens,3,104,572,17401
PEREZ Anthony,3,105,572,17401
JANSE VAN RENSBURG Reinardt,3,106,572,17401
IZAGIRRE Gorka,3,107,572,17401
PÉRICHON Pierre-Luc,3,108,572,17401
LAMPAERT Yves,3,109,578,17407
LAPORTE Christophe,3,110,583,17412
SKUJIŅŠ Toms,3,111,583,17412
VIVIANI Elia,3,112,621,17450
BURGHARDT Marcus,3,113,621,17450
OSS Daniel,3,114,621,17450
PÖSTLBERGER Lukas,3,115,621,17450
PHILIPSEN Jasper,3,116,694,17523
DEBUSSCHERE Jens,3,117,838,17667
GARCÍA CORTINA Iván,3,118,838,17667
OFFREDO Yoann,3,119,838,17667
KING Ben,3,120,838,17667
NAESEN Oliver,3,121,838,17667
BACKAERT Frederik,3,122,838,17667
OURSELIN Paul,3,123,838,17667
DE KORT Koen,3,124,838,17667
HEPBURN Michael,3,125,838,17667
VAN MELSEN Kévin,3,126,838,17667
ZABEL Rick,3,127,838,17667
CARUSO Damiano,3,128,838,17667
LADAGNOUS Matthieu,3,129,838,17667
NIZZOLO Giacomo,3,130,838,17667
BEVIN Patrick,3,131,838,17667
BONNET William,3,132,838,17667
WIŚNIOWSKI Łukasz,3,133,838,17667
GRELLIER Fabien,3,134,838,17667
SCHÄR Michael,3,135,838,17667
ROSSETTO Stéphane,3,136,838,17667
PAUWELS Serge,3,137,838,17667
VERONA Carlos,3,138,838,17667
DURBRIDGE Luke,3,139,838,17667
ERVITI Imanol,3,140,838,17667
DOWSETT Alex,3,141,838,17667
HALLER Marco,3,142,838,17667
JUUL-JENSEN Christopher,3,143,838,17667
ROWE Luke,3,144,838,17667
EWAN Caleb,3,145,838,17667
TERPSTRA Niki,3,146,838,17667
GONÇALVES José,3,147,838,17667
BETTIOL Alberto,3,148,838,17667
DE BUYST Jasper,3,149,838,17667
BYSTRØM Sven Erik,3,150,838,17667
HAGA Chad,3,151,838,17667
VAN BAARLE Dylan,3,152,838,17667
LAENGEN Vegard Stake,3,153,838,17667
TURGIS Anthony,3,154,838,17667
VACHON Florian,3,155,838,17667
LEDANOIS Kévin,3,156,838,17667
LANGEVELD Sebastian,3,157,838,17667
KRISTOFF Alexander,3,158,838,17667
BONIFAZIO Niccolò,3,159,838,17667
MOINARD Amaël,3,160,838,17667
GREIPEL André,3,161,838,17667
GOUGEARD Alexis,3,162,838,17667
DELAPLACE Anthony,3,163,838,17667
GROENEWEGEN Dylan,3,164,838,17667
MARTIN Tony,3,165,838,17667
MØRKØV Michael,3,166,838,17667
CORT Magnus,3,167,838,17667
DE GENDT Aimé,3,168,838,17667
RICHEZE Maximiliano,3,169,838,17667
CUMMINGS Steve,3,170,838,17667
JANSEN Amund Grøndahl,3,171,838,17667
COSNEFROY Benoît,3,172,838,17667
SCULLY Tom,3,173,838,17667
KLUGE Roger,3,174,838,17667
BOL Cees,3,175,838,17667
ASGREEN Kasper,3,176,1226,18055
TEUNISSEN Mike,1,1,0,15767
SAGAN Peter,1,2,0,15767
EWAN Caleb,1,3,0,15767
NIZZOLO Giacomo,1,4,0,15767
COLBRELLI Sonny,1,5,0,15767
MATTHEWS Michael,1,6,0,15767
TRENTIN Matteo,1,7,0,15767
NAESEN Oliver,1,8,0,15767
VIVIANI Elia,1,9,0,15767
STUYVEN Jasper,1,10,0,15767
VAN AVERMAET Greg,1,11,0,15767
BETTIOL Alberto,1,12,0,15767
PASQUALON Andrea,1,13,0,15767
KRISTOFF Alexander,1,14,0,15767
JANSEN Amund Grøndahl,1,15,0,15767
VAN AERT Wout,1,16,0,15767
LAPORTE Christophe,1,17,0,15767
GREIPEL André,1,18,0,15767
IMPEY Daryl,1,19,0,15767
MARTIN Guillaume,1,20,0,15767
ALAPHILIPPE Julian,1,21,0,15767
OFFREDO Yoann,1,22,0,15767
CLARKE Simon,1,23,0,15767
NIBALI Vincenzo,1,24,0,15767
BEVIN Patrick,1,25,0,15767
MEURISSE Xandro,1,26,0,15767
LANGEVELD Sebastian,1,27,0,15767
DE BUYST Jasper,1,28,0,15767
SIMON Julien,1,29,0,15767
RICHEZE Maximiliano,1,30,0,15767
DEBUSSCHERE Jens,1,31,0,15767
BOASSON HAGEN Edvald,1,32,0,15767
ASGREEN Kasper,1,33,0,15767
BOL Cees,1,34,0,15767
GARCÍA CORTINA Iván,1,35,0,15767
BURGHARDT Marcus,1,36,0,15767
BONIFAZIO Niccolò,1,37,0,15767
MØRKØV Michael,1,38,0,15767
TRATNIK Jan,1,39,0,15767
ROCHE Nicolas,1,40,0,15767
ZABEL Rick,1,41,0,15767
KONRAD Patrick,1,42,0,15767
PHILIPSEN Jasper,1,43,0,15767
KEUKELEIRE Jens,1,44,0,15767
HEPBURN Michael,1,45,0,15767
YATES Adam,1,46,0,15767
KREUZIGER Roman,1,47,0,15767
TEUNS Dylan,1,48,0,15767
KLUGE Roger,1,49,0,15767
LAMPAERT Yves,1,50,0,15767
MAS Enric,1,51,0,15767
BENOOT Tiesj,1,52,0,15767
QUINTANA Nairo,1,53,0,15767
LUTSENKO Alexey,1,54,0,15767
PÉRICHON Pierre-Luc,1,55,0,15767
KRUIJSWIJK Steven,1,56,0,15767
AMADOR Andrey,1,57,0,15767
CALMEJANE Lilian,1,58,0,15767
POLITT Nils,1,59,0,15767
CICCONE Giulio,1,60,0,15767
OSS Daniel,1,61,0,15767
EIKING Odd Christian,1,62,0,15767
BACKAERT Frederik,1,63,0,15767
PORTE Richie,1,64,0,15767
GAUDU David,1,65,0,15767
MOLARD Rudy,1,66,0,15767
VALVERDE Alejandro,1,67,0,15767
VALGREN Michael,1,68,0,15767
FELLINE Fabio,1,69,0,15767
SCHACHMANN Maximilian,1,70,0,15767
MÜHLBERGER Gregor,1,71,0,15767
LADAGNOUS Matthieu,1,72,0,15767
KELDERMAN Wilco,1,73,0,15767
IZAGIRRE Gorka,1,74,0,15767
VAN GARDEREN Tejay,1,75,0,15767
PINOT Thibaut,1,76,0,15767
SICARD Romain,1,77,0,15767
MARTIN Tony,1,78,0,15767
SÁNCHEZ Luis León,1,79,0,15767
MOSCON Gianni,1,80,0,15767
BERNAL Egan,1,81,0,15767
URÁN Rigoberto,1,82,0,15767
SOLER Marc,1,83,0,15767
HENAO Sergio,1,84,0,15767
JANSE VAN RENSBURG Reinardt,1,85,0,15767
KÄMNA Lennard,1,86,0,15767
WOODS Michael,1,87,0,15767
LANDA Mikel,1,88,0,15767
CHEREL Mikaël,1,89,0,15767
DE PLUS Laurens,1,90,0,15767
HOULE Hugo,1,91,0,15767
BARDET Romain,1,92,0,15767
FUGLSANG Jakob,1,93,0,15767
OLIVEIRA Nelson,1,94,0,15767
OURSELIN Paul,1,95,0,15767
CORT Magnus,1,96,0,15767
FRAILE Omar,1,97,0,15767
WÜRTZ SCHMIDT Mads,1,98,0,15767
TURGIS Anthony,1,99,0,15767
BERHANE Natnael,1,100,0,15767
BARGUIL Warren,1,101,0,15767
GONÇALVES José,1,102,0,15767
ZAKARIN Ilnur,1,103,0,15767
DURBRIDGE Luke,1,104,0,15767
ARU Fabio,1,105,0,15767
LAENGEN Vegard Stake,1,106,0,15767
KRAGH ANDERSEN Søren,1,107,0,15767
TAARAMÄE Rein,1,108,0,15767
KANGERT Tanel,1,109,0,15767
DOWSETT Alex,1,110,0,15767
THOMAS Geraint,1,111,0,15767
SCHÄR Michael,1,112,0,15767
CARUSO Damiano,1,113,0,15767
ROSSKOPF Joey,1,114,0,15767
GESCHKE Simon,1,115,0,15767
DE KORT Koen,1,116,0,15767
BERNARD Julien,1,117,0,15767
EDET Nicolas,1,118,0,15767
ARNDT Nikias,1,119,0,15767
COSTA Rui,1,120,0,15767
MARTIN Dan,1,121,0,15767
VAN MELSEN Kévin,1,122,0,15767
POELS Wout,1,123,0,15767
WELLENS Tim,1,124,0,15767
KÜNG Stefan,1,125,0,15767
MOINARD Amaël,1,126,0,15767
DELAPLACE Anthony,1,127,0,15767
DE GENDT Aimé,1,128,0,15767
BILBAO Pello,1,129,0,15767
DE GENDT Thomas,1,130,0,15767
MONFORT Maxime,1,131,0,15767
KING Ben,1,132,0,15767
ROUX Anthony,1,133,0,15767
BONNET William,1,134,0,15767
FRANK Mathias,1,135,0,15767
GALLOPIN Tony,1,136,0,15767
REICHENBACH Sébastien,1,137,0,15767
BAK Lars Ytting,1,138,0,15767
BOUET Maxime,1,139,0,15767
SCULLY Tom,1,140,0,15767
HERRADA Jesús,1,141,0,15767
CUMMINGS Steve,1,142,0,15767
GRELLIER Fabien,1,143,0,15767
PEREZ Anthony,1,144,0,15767
HAGA Chad,1,145,0,15767
YATES Simon,1,146,0,15767
HAIG Jack,1,147,0,15767
VACHON Florian,1,148,0,15767
LEDANOIS Kévin,1,149,0,15767
ERVITI Imanol,1,150,0,15767
DE MARCHI Alessandro,1,151,0,15767
PAUWELS Serge,1,152,0,15767
BYSTRØM Sven Erik,1,153,0,15767
VAN BAARLE Dylan,1,154,0,15767
MOLLEMA Bauke,1,155,0,15767
GOUGEARD Alexis,1,156,0,15767
TERPSTRA Niki,1,157,0,15767
DENNIS Rohan,1,158,0,15767
MOHORIČ Matej,1,159,0,15767
KWIATKOWSKI Michał,1,160,0,15767
JUUL-JENSEN Christopher,1,161,0,15767
ROWE Luke,1,162,0,15767
ROSSETTO Stéphane,1,163,186,15953
VUILLERMOZ Alexis,1,164,0,15767
SKUJIŅŠ Toms,1,165,212,15979
VERONA Carlos,1,166,0,15767
HALLER Marco,1,167,0,15767
GESBERT Élie,1,168,251,16018
DEVENYNS Dries,1,169,251,16018
WIŚNIOWSKI Łukasz,1,170,0,15767
CASTROVIEJO Jonathan,1,171,251,16018
BENNETT George,1,172,0,15767
BUCHMANN Emanuel,1,173,0,15767
PÖSTLBERGER Lukas,1,174,276,16043
GROENEWEGEN Dylan,1,175,0,15767
COSNEFROY Benoît,1,176,0,15767
